Z1[L],C1[M L^-3  or microS/cm],Z2[L],C2[M L^-3  or microS/cm],Z3[L],C3[M L^-3  or microS/cm],Z4[L],C4[M L^-3  or microS/cm],Z5[L],C5[M L^-3  or microS/cm]
40.057,3.334903942345986,40.068,3.1806684933618072,40.126,3.559105495839961,40.038,1.1386541895931117,40.081,2.281790192102105
40.127,3.6356117116056508,40.118,3.221747160817935,40.325,3.533511270572464,40.08,2.4698056694035984,40.155,2.5762097707582994
40.188,3.624423426137656,40.2,3.33030618841984,40.446,3.5241580783081132,40.106,2.6239271361695615,40.221,2.672661363990784
40.292,4.008783281187829,40.273,3.3376816914039127,40.626,3.5274510329360824,40.121,2.6897383386141316,40.308,2.730233714086276
40.367,4.141958118903813,40.353,3.375297502212689,40.747,3.53035777596381,40.147,2.7968586845167183,40.481,2.7974740311183184
40.482,4.215498440721376,40.505,3.5394775717905533,40.846,3.500154717583334,40.164,2.786820745874587,40.655,2.8551687385105424
40.576,4.2972636300844105,40.593,3.6345326803036415,40.963,3.4694976200046654,40.235,2.8537689209443386,40.76,2.8705084188853904
40.698,4.336974235756481,40.665,3.6487357819581034,41.058,3.4675127150611984,40.313,2.9896198220391286,40.87,2.878621051512539
40.833,4.355070978050418,40.744,3.6634519887452797,41.187,3.474386315995176,40.407,3.0056467947556085,41.042,2.862285650114464
40.937,4.347746519794299,40.837,3.6992033198144667,41.304,3.4859244810121965,40.487,3.07709739899218,41.339,2.8311286511037537
41.045,4.377672556383095,40.997,3.6862824186032896,41.366,3.4692401551711667,40.509,3.1056826705979064,41.603,2.820587456704098
41.156,4.385202739365539,41.163,3.707916459220499,41.38,3.470691421202292,40.54,3.110346659762473,41.776,2.790454219244964
41.249,4.373121145528794,41.247,3.6906388216432076,41.421,3.4614687963184196,40.633,3.101155396669333,42.096,2.7737112053638753
41.4,4.347634838212622,41.347,3.650022813701406,41.519,3.3897817124755933,40.727,3.1453293402981983,42.236,2.720978599798053
41.57,4.3222495423889,41.499,3.6220033918901295,41.631,3.3876596316568426,40.848,3.1714081163769294,42.401,2.7089608294187144
41.612,4.318579166065836,41.608,3.5971929931551814,41.703,3.341526761442489,40.951,3.1700841377648885,42.644,2.6892953951285476
41.668,4.321705009369114,41.646,3.588532402169406,41.775,3.31002990283813,41.026,3.1707386920481553,42.794,2.6617826014402084
41.724,4.312551311544468,41.766,3.5482365223166084,41.886,3.333935282775019,41.135,3.174064378103671,43.007,2.6139728096127186
41.801,4.2944654162940195,41.906,3.5254886710025035,41.989,3.330962856749642,41.209,3.173476542597092,43.168,2.591109603830182
41.869,4.289464901397184,42.001,3.4852595542324907,42.08,3.3132764947774236,41.267,3.175076732819008,43.337,2.5783728696213815
41.908,4.270528010436928,42.114,3.4821470120548073,42.138,3.3196509628977027,41.251,3.1731312745577895,43.6,2.5179070817623286
42.004,4.256585447532527,42.254,3.483936680006269,42.26,3.301359946437219,41.262,3.174359539856167,43.751,2.516536489952094
42.1,4.22815104253444,42.378,3.467496389552005,42.341,3.2829263140909206,41.368,3.1664566333938864,43.936,2.453792458368946
42.182,4.209309300210441,42.494,3.380018129540602,42.466,3.2695498682571156,41.415,3.1353878495658902,44.126,2.3718419041326086
42.257,4.185769296295382,42.59,3.3751318754347777,42.545,3.2278401505323844,41.471,3.1156280946323536,44.39,2.3425601748156653
42.302,4.16408318169068,42.676,3.369237080281093,42.726,3.1085165852583088,41.519,3.0957643142055273,44.585,2.3987723839580726
42.385,4.1547886327959445,42.803,3.3196671680572707,42.802,3.0904011624582552,41.529,3.094018145069998,44.726,2.3440424611716737
42.516,4.057407629313635,42.927,3.292774027762758,42.851,3.0809861042720286,41.542,3.098930977627839,44.842,2.242120404450321
42.538,4.029061795818739,43.039,3.170524629429252,42.965,3.077232265591371,41.613,3.0945549851587315,45.034,2.1971749228113624
42.573,4.04392786211794,43.114,3.1580937084824967,43.1,3.0540114659743978,41.701,3.0810637135128474,45.167,2.159219905928512
42.754,3.924740361630131,43.185,3.1307174738149826,43.257,2.9066182857559566,41.722,3.0813199493044126,45.323,2.134891714023678
42.861,3.890147549955634,43.269,3.1160964018286537,43.29,2.9151777866961908,41.833,3.069366545217065,45.528,2.098850794845416
42.935,3.881044526571833,43.534,3.091598534762471,43.305,2.9123999697008203,41.956,3.05287412695217,45.694,2.031378587503011
43.068,3.829690460368758,43.584,3.0583479628163133,43.471,2.89358220239624,42.181,3.0361922669985404,45.79,1.9862424390756162
43.113,3.8145251846996304,43.72,2.9853212384304584,43.555,2.8374003349953285,42.209,3.0329143153903715,45.921,1.9423216792674283
43.182,3.822977726076516,43.829,2.9819815868273194,43.556,2.8364301861108148,42.224,3.0335306577917036,46.045,1.9934419417106084
43.233,3.831885483628767,43.933,2.977520989102601,43.62,2.842953097657312,42.24,3.033247371477549,46.345,1.7716790747348283
43.338,3.7467410349262025,44.056,2.899180724571727,43.67,2.8316251555398027,42.251,3.034016739596879,46.576,1.742301948208123
43.405,3.690370209221612,44.114,2.902604561263476,43.814,2.8051646822343286,42.361,3.021599792663636,46.78,1.75482308120491
43.503,3.669208338663478,44.271,2.9121879987133754,43.972,2.7265926764314345,42.448,3.0063611156758925,47.008,1.7578644358231401
43.559,3.623114014099818,44.42,2.888904105467046,44.132,2.5865049847277306,42.544,3.0143559777692674,47.294,1.698599814544852
43.569,3.6331003953520224,44.454,2.8023482506508173,44.281,2.4947796946488126,42.732,2.8960162605660513,47.395,1.6789369930855884
43.59,3.6394001864650702,44.535,2.8080902904690133,44.35,2.4164707099949396,42.822,2.8742805004312117,47.585,1.6710320448080267
43.638,3.615335908725572,44.703,2.7177518773675957,44.541,2.376229797914354,42.842,2.8703834466479234,47.857,1.6012078406171981
43.642,3.618762377416087,44.871,2.613769906385605,44.684,2.3689276636492567,42.855,2.872928763171268,48.025,1.5941626653151815
43.677,3.603846138882031,44.997,2.5221578675711442,44.795,2.369060958862133,42.943,2.878727168092243,48.276,1.6026017627823108
43.7,3.5423236803501483,45.089,2.4735748093580954,44.931,2.269437936884978,43.087,2.894645999153235,48.552,1.4343510806995483
43.767,3.540276659353174,45.232,2.4478191100664475,45.025,2.2540506842140275,43.231,2.7445752588561563,48.722,1.422940301648228
43.908,3.405504513133039,45.326,2.4317958516372187,45.223,2.1477892788524855,43.301,2.7402677507073037,48.994,1.4101792631945216
44.203,3.3968056371452833,45.361,2.4245011992554226,45.358,2.143440942785193,43.489,2.7123017250892416,49.261,1.408817468663338
44.674,3.131618365500293,45.573,2.2847279533904525,45.432,2.134420323352754,43.532,2.70429911686592,49.388,1.4196720589283842
45.09,2.912988246509093,45.751,2.1658916971976394,45.579,2.123217133614412,43.58,2.700596743799352,49.445,1.4204856578424851
45.232,2.8115165888655924,45.978,2.1626009136165836,45.684,2.0767342255290657,43.724,2.703358192925265,49.486,1.420892183921478
45.416,2.7744733077039996,46.113,2.0766749484847993,45.702,2.0664923094084315,43.832,2.7000846434622616,49.636,1.4254891854055216
45.948,2.510469092260905,46.163,2.011917357272617,45.768,2.0375335383977697,43.939,2.690041092619981,49.76,1.428537870535942
46.214,2.3240267445896934,46.325,1.9471232969759682,45.785,2.0499079720625817,44.088,2.6446370026957795,49.953,1.4326801591080625
46.452,2.233168243976587,46.349,1.889794625137975,45.908,2.0166848745037953,44.192,2.5797613622733335,50.097,1.43059239806187
46.62,2.1917914375560175,46.356,2.007658681997893,46.115,1.9307496050806179,44.215,2.581586980488268,50.249,1.4316940731347416
46.9,2.1118852234673766,46.509,1.936091445691551,46.369,1.8938489600766502,44.299,2.5610473479927407,50.362,1.4323867782344564
47.126,2.1455611237602428,46.6,1.971262592715263,46.373,1.890706900156104,44.425,2.512887211502283,50.509,1.4323719668768944
47.38,2.1348575805151455,46.708,1.9957442833011612,46.47,1.89164946988017,44.501,2.4899742638415687,50.62,1.431281080910648
47.606,1.9474138083637598,46.797,1.9878397163157728,46.552,1.8928771998668623,44.522,2.4510460237554526,50.722,1.4310463908620163
47.837,1.8437999637735003,46.922,1.9547350623294109,46.576,1.893139628979989,44.512,2.43481733604026,50.962,1.4271231095123909
48.099,1.8633304924977978,47.014,1.942356672589355,46.695,1.8375094312266724,44.577,2.4649701100165826,51.175,1.4233320679270463
48.311,1.6574402844150113,47.111,1.9399224400750086,46.81,1.855759771776326,44.598,2.4184747632151584,51.317,1.4197045112118787
48.531,1.5621545872621199,47.298,1.900783483442288,46.882,1.8064024563487209,44.777,2.41010493706205,51.581,1.4144085917523626
48.697,1.5587904300494955,47.375,1.891872899877913,47.079,1.7650965990127587,44.866,2.386113655079268,51.788,1.412583807786541
48.855,1.5636170773148819,47.485,1.857649442833349,47.16,1.7601145041200823,44.916,2.3867943835114858,51.945,1.4135832651898341
49.056,1.568064749947095,47.61,1.8109454183588185,47.346,1.6695484958271378,45.355,2.1079832839676356,52.088,1.4142162025122615
49.267,1.5735614006781646,47.723,1.7824810408789973,47.438,1.6566310465081187,45.712,1.9853582311437492,52.264,1.416656483240817
49.318,1.5722002944575935,47.805,1.7457189208702544,47.466,1.6610442341797154,46.075,1.970376083658934,52.43,1.418577818779309
49.452,1.5747505748213968,47.862,1.7333873059330442,47.504,1.655581269288075,46.435,1.8409908516783617,52.572,1.420774324745588
49.653,1.5796954598014394,48.066,1.6581655161255155,47.614,1.6614443261818592,46.68,1.828769471204481,52.776,1.4221448326191506
49.845,1.580360750863528,48.2,1.6291233793622382,47.708,1.6644397815256724,47.057,1.7822755308645697,52.997,1.426341157145842
50.129,1.582240307845359,48.429,1.5744896848720544,47.792,1.628229550114804,47.32,1.7796741168372279,53.289,1.433093177665711
50.243,1.582943534397677,48.498,1.555483506731869,47.911,1.5992026552412995,47.602,1.6790839096386634,53.59,1.438088184523329
50.149,1.5833806246529718,48.625,1.5274280525272104,48.032,1.5219527296534694,47.805,1.6209233705496018,53.81,1.4442687080435008
50.184,1.5859993345266048,48.721,1.5145316838819753,48.162,1.4853717482457,48.042,1.600689448343033,54.117,1.4469335097688087
50.301,1.584658102728173,48.797,1.5118352016456698,48.276,1.467738076153833,48.34,1.5513265007927686,54.424,1.4479858393806837
50.522,1.5939778706324261,48.935,1.5179588004231448,48.381,1.4729281801926333,48.386,1.521419057737927,54.834,1.4484019966616812
50.764,1.6240195623277713,48.988,1.5186628183037043,48.468,1.4800776434352259,48.557,1.4855767549713648,55.179,1.4483695019047673
50.986,1.6372960044074574,49.145,1.517563622419027,48.525,1.4832064462502301,48.71,1.4506727583261978,55.236,1.4479385233679807
51.252,1.6465704663222396,49.267,1.515172118701392,48.557,1.4839681604543813,48.877,1.4445519881603872,55.323,1.448311923594116
51.464,1.6471210192987313,49.422,1.5150263037669673,48.709,1.487332239363647,49.078,1.4504196163301686,55.536,1.4477321583376466
51.733,1.6497997707731116,49.525,1.5158354459736956,48.842,1.4892540680012445,49.301,1.4354318638675125,55.647,1.4475896421852865
51.886,1.6517210117809327,49.613,1.5171878953999596,48.932,1.4912937325506932,49.538,1.4374260685006477,55.732,1.4471860414677906
52.159,1.6795701817179947,49.671,1.5170071827260414,49.079,1.4867417321523733,49.662,1.4375286324973189,55.849,1.4471210556059475
52.407,1.728718564150563,49.769,1.518082902659853,49.118,1.4779168609150133,49.784,1.4387372143749162,55.856,1.4469756931911462
52.651,1.7346066348136815,49.892,1.517161589031727,49.218,1.47641157517225,49.941,1.4375274928947193,55.871,1.4472743997467887
52.891,1.7375244078704952,49.989,1.517429229212135,49.331,1.4742802629685259,50.083,1.4395959690731928,56.083,1.4472738296922358
53.16,1.7405327081991686,50.119,1.5171918985457267,49.371,1.4729555748784038,50.221,1.4435967161241592,56.255,1.4466228370633871
53.355,1.7439124175412757,50.211,1.5164822094452177,49.435,1.4728385769805812,50.407,1.4445023996262223,56.421,1.4466325277051226
53.563,1.7536465502272507,50.288,1.5154162894166716,49.526,1.4722461777063303,50.618,1.44437301397883,56.588,1.4464609469759693
53.735,1.7678183235295593,50.401,1.5157216496060868,49.672,1.4729909597315696,50.811,1.4444391316592173,56.721,1.4463919730412442
53.908,1.7851418485437933,50.513,1.5209300129243672,49.798,1.4725452289018535,50.992,1.4442464789738694,56.954,1.4462967779670124
53.806,1.7710229355796627,50.599,1.5274989987412966,49.865,1.4729424482538633,51.162,1.4443439450617432,57.17,1.4463383901342468
53.994,1.7992700007624307,50.755,1.5276963906298051,49.962,1.4723226522418031,51.285,1.4455688628272896,57.318,1.4469238189940625
54.07,1.8059538922093252,50.87,1.5286633505752263,50.082,1.4725457996141444,51.487,1.4444169024168445,57.47,1.4471153551009395
54.25,1.8457721922034551,50.997,1.529474142287168,50.164,1.471200101352275,51.634,1.4447104442280563,57.487,1.44683261191214
54.434,1.8628069458272107,51.078,1.5298901353186154,50.18,1.4708736764051706,51.796,1.4479373832243567,57.604,1.4464130642213973
54.636,1.8773326846841343,51.165,1.5304148585971091,50.265,1.4693842816505167,52.035,1.4530543746682922,57.82,1.445458851129601
54.738,1.8834196718808045,51.293,1.5315187069459995,50.383,1.4680519012802704,52.218,1.4544058018492563,58.021,1.4469597318866618
54.84,1.8903304656552848,51.436,1.531815708326772,50.464,1.4679566120847796,52.529,1.454730270820113,58.124,1.446541321834772
55.058,1.9201689589500603,51.583,1.5315913832112726,50.476,1.4677260938290175,52.789,1.4536987156327768,58.234,1.446500849351318
55.267,1.94356631020687,51.719,1.5316663487461255,50.491,1.4672776172419049,52.941,1.4534826027028855,58.344,1.446511109973855
55.47,1.9709320455199446,51.785,1.5314631984653175,50.528,1.4676975645105954,53.175,1.453513964605412,58.502,1.447291501390302
55.629,1.9930210223655878,51.897,1.5319759419626138,50.742,1.4694265083061566,53.421,1.453367989586178,58.705,1.4473775798651616
55.847,2.0602046690567533,51.99,1.531570209786193,50.926,1.470628860887149,53.67,1.4489184987376291,58.955,1.4476540593714362
56.126,2.135348402104145,52.096,1.533348849045319,50.948,1.4709233246411428,53.943,1.4516625487814934,59.243,1.4445269088877155
56.227,2.1566217631978275,52.15,1.5378561849311438,50.955,1.4707857935967041,54.182,1.4497092379599223,59.436,1.444316586116153
56.236,2.158684933523446,52.344,1.5406846912938448,50.901,1.4728374355407539,54.315,1.4500273660376024,59.535,1.4443781437917267
56.267,2.1767300234193643,52.454,1.546203079418234,50.96,1.4729715551275944,54.519,1.4506624957560006,59.752,1.4444989797314491
56.384,2.2179320320607756,52.622,1.5464916909102555,51.022,1.4717085806721741,54.806,1.4510929576865776,59.98,1.4488945546638405
56.59,2.232097526592997,52.827,1.5487474586222192,51.109,1.470257362844913,55.05,1.4511437014379254,60.08,1.44909180900367
56.832,2.3224948046556704,52.966,1.5511174398321146,51.207,1.4713713051923747,55.259,1.4560561385818573,60.269,1.448342708018626
57.052,2.452075969167217,53.012,1.550902080498264,51.3,1.4710425950012394,55.485,1.4575891127624288,60.429,1.448363801075186
57.237,2.467597602762794,53.105,1.5491712643024698,51.352,1.4729909597315696,55.609,1.4573370315172496,60.566,1.449797036287214
57.434,2.6071498464573866,53.186,1.5503276084152873,51.435,1.4788953235969386,55.835,1.459218015320556,60.66,1.4501533642764115
57.667,2.715125242393168,53.245,1.5497056148147208,51.474,1.4788850477990052,56.011,1.4618914802121226,60.842,1.4511779107747742
57.84,2.734508242292287,53.374,1.5516884960141766,51.493,1.4784060867905737,56.222,1.4619228541493983,60.91,1.4519231174089071
57.873,2.749624245847059,53.519,1.5521180867420725,51.625,1.4811452685919193,56.396,1.4650131218660931,61.107,1.4535225178593407
57.907,2.797018442033726,53.66,1.5550360907722847,51.757,1.4824778748541632,56.64,1.4643102573196018,61.273,1.4542250365093168
58.001,2.81278039704857,53.711,1.5543864660042175,51.897,1.4822689003861398,56.788,1.4655397145433995,61.458,1.4510023034119057
58.181,2.8204293404119,53.857,1.5547553863390449,52.011,1.4838345445017467,57.032,1.4682498987184318,61.585,1.452395797944078
58.45,2.8635507581741053,53.98,1.5556433412898258,52.043,1.4841343250204004,57.165,1.468693830314524,61.738,1.4573837975020638
58.72,2.871271070851526,54.089,1.5554823609686537,52.094,1.483871088954777,57.379,1.4703686403993543,61.94,1.457785875025084
59.012,2.89879246540024,54.235,1.558235230676388,52.131,1.4844997773006554,57.556,1.4738636139582924,62.123,1.4593309479267789
59.263,2.8968854627678184,54.299,1.558994407774827,52.229,1.4858034638089124,57.712,1.475181507601485,62.262,1.457714013820049
59.543,2.9107971081207267,54.421,1.559448207757842,52.293,1.4853797429009745,57.931,1.4742951026684978,62.386,1.4574910174536484
59.83,2.9122643568852227,54.557,1.5586775555548769,52.311,1.4851227732999832,58.083,1.4726456744942595,62.539,1.4552623190878506
60.138,2.911529497663403,54.657,1.5582638783891412,52.352,1.4855447760799678,58.332,1.475780265041405,62.665,1.4582415718017274
60.371,2.9145650095116507,54.765,1.5594184125199178,52.525,1.4836672402066853,58.439,1.4771313822554872,62.729,1.4588478514133327
60.591,2.915778973773217,54.902,1.5588173595837334,52.663,1.4850456830079253,58.662,1.4797847692697927,62.865,1.4592739111842348
60.602,2.915419114752132,55.006,1.560899055885892,52.765,1.4854602606633136,58.754,1.4800776434352259,62.981,1.459896760453077
60.628,2.9154869315029885,55.065,1.5619093203186822,52.805,1.4921408403746284,58.989,1.4780858338440765,63.131,1.4597290685239301
60.655,2.915207723439616,55.147,1.5606595332336497,52.881,1.4925669771389436,59.143,1.4801358761923353,63.248,1.4602241626796455
60.704,2.9159384379439333,55.219,1.5618909827140868,53.017,1.4934752587942342,59.443,1.4784728781023346,63.435,1.4578115397982656
60.898,2.9174512709855662,55.303,1.5628233548322812,53.14,1.4962077572823973,59.696,1.4778163911429005,63.554,1.4574630717774313
61.195,2.9169080801752187,55.36,1.564185595214471,53.248,1.4959055260506715,59.885,1.4766884212503726,63.613,1.458494804143612
61.478,2.915675719858194,55.429,1.5630245048734763,53.321,1.4954439030404472,60.179,1.479406836077723,63.711,1.457101492159427
61.567,2.9161473928765984,55.498,1.565719292007816,53.418,1.4980383736680636,60.305,1.4794525074160334,63.748,1.4573068047752797
61.583,2.9159928148993486,55.555,1.5661629150016352,53.507,1.5006102942276356,60.553,1.4812417570669254,63.816,1.4573712505207368
61.86,2.9156586127509967,55.62,1.567276597498767,53.624,1.500205715253,60.729,1.4815323669364802,63.938,1.4578685727351626
62.14,2.9151368528526094,55.666,1.567557463104481,53.725,1.5015903435243985,60.953,1.481258314303605,64.05,1.4607255424689014
62.364,2.9158443478231475,55.73,1.5674932649328297,53.789,1.4998280006762001,61.148,1.4835638890455614,64.183,1.4618943323863847
62.647,2.915222997305176,55.825,1.5676652247460567,53.9,1.500583436351954,61.401,1.4807244924615048,64.311,1.4633250297929066
62.883,2.9160025905471114,55.88,1.5672083878261531,54.012,1.5005777219145728,61.572,1.4846242608766544,64.439,1.465422756246528
63.101,2.9098619599085027,55.918,1.5679374972235194,54.143,1.4995925752227408,61.772,1.4842856443650958,64.603,1.4630472116244277
63.316,2.8868857627159827,55.98,1.5678732979330818,54.22,1.5010908843435118,61.922,1.4861792231742186,64.683,1.4635229845179083
63.523,2.8895368614717425,56.029,1.568423583698427,54.211,1.5010714548117818,62.098,1.48766861858212,64.799,1.4624870222514175
63.689,2.888915088528995,56.076,1.5694525406950617,54.245,1.5009600210660665,62.332,1.4896418809287013,64.893,1.463224056457679
63.854,2.8945574998976156,56.136,1.5692467454114307,54.287,1.5020035203221425,62.562,1.4874995716733337,64.99,1.4663287714658508
64.002,2.8940991409069143,56.207,1.5695786557562712,54.346,1.5018903673940316,62.824,1.4953107883132843,65.141,1.465511758601025
64.149,2.890654757840076,56.326,1.5702379054482691,54.513,1.5013709000998177,63.041,1.496868224183308,65.208,1.4670676466262562
64.328,2.886610605028025,56.372,1.5697684029726475,54.63,1.5018189327660907,63.261,1.4941687772150658,65.274,1.4665261827757632
64.482,2.8860535898011563,56.441,1.5703084176822188,54.727,1.5005634358276552,63.512,1.4920751497885931,65.345,1.466874224388795
64.659,2.888512380107713,56.519,1.5712474559996878,54.806,1.5014954796905045,63.616,1.492782333593334,65.456,1.4657200027020507
64.736,2.886601453505449,56.569,1.5712291105414522,54.88,1.5021629640780247,63.743,1.4917489846686636,65.549,1.4661113928615719
64.764,2.886769232068866,56.604,1.5708564717620703,54.977,1.502710453635632,63.934,1.4941939133860984,65.643,1.468862161485427
64.68,2.886369616296946,56.672,1.57121936452304,55.083,1.5046061992473483,64.012,1.4970739099886345,65.675,1.4683896962583447
64.829,2.885835790594092,56.77,1.572298332546032,55.134,1.5047565171304058,64.252,1.4996600026422442,65.8,1.4683919786745634
65.07,2.885416060837156,56.835,1.5715214931194992,55.162,1.5050045724741863,64.45,1.500266287335063,65.859,1.4701620640553472
65.226,2.864948805524642,56.873,1.5729347308563433,55.249,1.5047890956671381,64.697,1.5007337265909655,65.979,1.4700713308625466
65.453,2.87419269882281,56.929,1.5723568116157083,55.347,1.5048485373328986,64.86,1.4988657436922836,66.0,1.4694350677733041
65.7,2.8720934987256017,57.048,1.5753526404668634,55.453,1.5040472315447573,64.98,1.501210319197088,66.088,1.4714375043692969
65.969,2.8698378450693554,57.134,1.5731164804505937,55.524,1.5046993619200577,65.133,1.500580007689345,66.425,1.4707104657558006
66.187,2.8579065167602264,57.18,1.5726446226560171,55.593,1.5050617284821783,65.355,1.5019600878158683,66.857,1.4742996687320526
66.376,2.852423407378885,57.208,1.5733790740229607,55.686,1.5058470671587287,65.463,1.5008994470629715,67.121,1.4743544615689472
66.564,2.8391922486599013,57.26,1.5733458196401984,55.794,1.5051771840739405,65.728,1.5023612702993687,67.376,1.4756855130120585
66.777,2.8290940817884573,57.34,1.5726801693030836,55.846,1.5059168001948477,65.927,1.5020475243967126,67.599,1.4758276412098155
66.94,2.832386363950667,57.405,1.573472530577129,55.905,1.505738466971502,66.12,1.5045879096894936,67.806,1.4785956148046977
67.138,2.810265015079821,57.463,1.5742196240593274,55.949,1.5065358335341699,66.422,1.506354065694876,68.048,1.4770160745332532
67.372,2.8083692598909122,57.532,1.5753715627995148,56.036,1.50640493767375,66.533,1.506987401686453,68.284,1.4784466182460592
67.427,2.810227329240908,57.617,1.574372715446924,56.127,1.5095849570606135,66.782,1.508322154474402,68.495,1.4795792458788326
67.657,2.808426391350454,57.669,1.5769490550187015,56.192,1.509211653818653,67.026,1.505757329070582,68.698,1.4790551699635501
67.874,2.8014004121787166,57.729,1.5754512661385576,56.251,1.5100445918588719,67.262,1.5067061708051852,68.935,1.4841360380637325
68.102,2.7991069452623747,57.824,1.5777341164080867,56.332,1.511228024423599,67.482,1.5079140030044242,69.071,1.4846031328803917
68.259,2.7976410829766594,57.891,1.577071772757853,56.431,1.5075350120321445,67.67,1.5111514138063966,69.321,1.4846385365613486
68.469,2.7870381047564594,57.947,1.5756857906034099,56.526,1.5071943259045781,67.865,1.5115281805473528,69.529,1.486566410544586
68.64,2.7839600796851443,58.006,1.5757133144224185,56.619,1.5069182368457377,68.103,1.5116705417495921,69.744,1.4896384539802512
68.854,2.7769381979760057,58.072,1.5775081718102257,56.709,1.5060568385209792,68.323,1.511101102502326,69.908,1.4878827846150557
69.067,2.784627249610074,58.133,1.5776463762226398,56.788,1.5090555886556785,68.543,1.5141348524355067,70.081,1.488160346911664
69.287,2.7691143116826935,58.225,1.574242559030202,56.843,1.508918961094102,68.706,1.5153042107169312,70.291,1.4889313717607109
69.482,2.7622879028498546,58.301,1.574345193320454,56.921,1.5090355803820075,68.924,1.5161013543682855,70.445,1.4898297927569246
69.666,2.75130367756546,58.388,1.5758423327872606,57.017,1.509789047438852,69.147,1.5145562716581622,70.614,1.4897989499753521
69.891,2.7441250791441236,58.5,1.5772271779890332,57.094,1.5093477115362504,69.318,1.5172445113868123,70.762,1.490062257342379
70.021,2.7432144495441206,58.554,1.5769817414518172,57.121,1.508750893214446,69.507,1.5217204978291647,70.91,1.490549470000397
70.099,2.7403289340488897,58.634,1.5801445290408025,57.161,1.5088446452056872,69.65,1.5207424056546812,71.099,1.494617804983386
70.253,2.7331032848238492,58.687,1.58170630675574,57.174,1.5083255843509646,69.9,1.5242031037767418,71.191,1.495041704792945
70.347,2.73487039769372,58.769,1.5824204142786271,57.278,1.5099005261809992,70.117,1.5263272714336267,71.31,1.4952816517213818
70.548,2.7296288480928497,58.83,1.5841234687541772,57.386,1.509223658877329,70.261,1.5264754502735371,71.463,1.4957998318037227
70.698,2.7311746519691753,58.883,1.585490482803428,57.484,1.5093848703037849,70.421,1.5280385407947392,71.588,1.4943870058446493
70.857,2.7300526762599846,59.001,1.5818393756206177,57.64,1.5117482976570926,70.591,1.5293516919272918,71.711,1.4925486976435849
70.968,2.7245284557470684,59.108,1.582684267155085,57.702,1.511949549525346,70.741,1.530532737097937,71.883,1.4989343116729514
71.09,2.720738333215587,59.21,1.5828052963910948,57.748,1.512090769982143,70.936,1.5354641761781012,72.113,1.4975452805862262
71.105,2.720723808373242,59.294,1.5856528321750774,57.795,1.5114361322313243,71.06,1.536983263125748,72.298,1.4984600542041846
71.119,2.720505936963744,59.379,1.5864783658918242,57.854,1.5097450277843762,71.21,1.5388756872928582,72.479,1.5020618114529498
71.124,2.721508769701913,59.444,1.5867210408898955,57.869,1.5105825597844926,71.415,1.5415308528397162,72.58,1.501165173888691
71.295,2.7166505983658027,59.552,1.5889413844541393,57.967,1.5119089559595893,71.635,1.5427715292277129,72.693,1.502043524022639
71.501,2.7149449419901117,59.65,1.5882574715723052,58.076,1.5107706515871002,71.762,1.5434551623115766,72.836,1.5024915704668218
71.69,2.7127887195005203,59.735,1.5879212605269175,58.191,1.5119306820839995,71.976,1.5473082988603664,72.97,1.5016120593996676
71.909,2.7103417642584757,59.825,1.5903500142875828,58.325,1.514395593899971,72.119,1.5471485253358026,73.214,1.503746606561387
72.054,2.707338061599711,59.913,1.5924553828070855,58.396,1.5148444653291648,72.289,1.5464624860024117,73.365,1.5064923920263822
72.226,2.7068723634674625,59.968,1.5960106983818008,58.414,1.514658053909585,72.376,1.546879375447827,73.558,1.5062157402383263
72.434,2.7023489847092916,60.014,1.5990000229610586,58.443,1.516884802206755,72.476,1.5462563348231158,73.756,1.505120599326571
72.655,2.7039374970709362,60.077,1.5993186099722692,58.525,1.5172336456809945,72.621,1.5491477829616003,73.905,1.504004366513169
72.826,2.702400381180891,60.146,1.6006314672503066,58.603,1.519827843277008,72.817,1.549341361599187,74.086,1.5040123679793538
73.004,2.7028913750918973,60.263,1.60278490828276,58.654,1.5195607456633353,72.937,1.5515745126939322,74.214,1.5082964304173174
73.192,2.7028605364611566,60.368,1.6071848822625299,58.906,1.5171152670254942,73.104,1.5525133176807742,74.36,1.5070417048138665
73.349,2.714326003249556,60.459,1.6143365220634878,59.121,1.5159892721559771,73.32,1.553754618491638,74.487,1.5100097187307226
73.562,2.715983808515955,60.532,1.6162603765751158,59.17,1.5156947731635342,73.443,1.5570566963794676,74.623,1.506316912077216
73.728,2.7230660711883927,60.651,1.6203246404364848,59.208,1.5168539212494068,73.598,1.5557768240938514,74.753,1.5063609248311933
73.886,2.7197530878955605,60.72,1.6232805277375832,59.239,1.516328951649416,73.797,1.5555551170521311,74.945,1.5135922228233425
74.077,2.7261338083661344,60.821,1.6228851602884362,59.238,1.5166909391417023,73.887,1.5594797219960868,75.119,1.5129701308410062
74.272,2.7302331086059497,60.906,1.6345595720785808,59.224,1.5169551423280325,74.041,1.5596195311656316,75.247,1.5122628657800505
74.443,2.7328622715572406,60.981,1.6349632015030864,59.223,1.5172639552949136,74.13,1.5607311605453986,75.392,1.5107529285822436
74.608,2.734425274474552,61.061,1.64513230597112,59.265,1.5172508020610678,74.347,1.5606618253039812,75.574,1.5129118106252264
74.786,2.733668284240963,61.147,1.647256789993122,59.402,1.516361547433931,74.478,1.5606618253039812,75.7,1.5145288248400277
74.795,2.732880438288319,61.214,1.6488533098940905,59.516,1.5200714940542526,74.635,1.561484694116814,75.847,1.512460120104984
74.899,2.73476380949094,61.285,1.6499090910992948,59.63,1.5201143905990677,74.778,1.5640239787395103,75.948,1.5124200973444117
74.888,2.734008623615,61.386,1.6574385577017439,59.695,1.5189436311122222,74.92,1.565379416413498,76.108,1.5158257246528195
74.985,2.7361646404163595,61.508,1.6588009771507188,59.758,1.5186651059698477,75.109,1.5644939306764372,76.315,1.5188830072677377
75.198,2.7341497268159998,61.583,1.6666588611658284,59.776,1.518857842702431,75.238,1.564262392115208,76.44,1.5203288745861017
75.359,2.7340758443329376,61.649,1.6685217043390481,59.758,1.5198867538966965,75.445,1.5698268752573283,76.691,1.5211044662513302
75.568,2.7324632130641446,61.773,1.6763064909428238,59.87,1.5204243921324347,75.625,1.5699776427539518,76.81,1.5210146655123793
75.712,2.7343901495135072,61.883,1.6854080259678483,59.972,1.52067148137468,75.788,1.5716527799055597,77.005,1.5249673913286785
75.785,2.736429313055615,62.025,1.7108227712197674,60.131,1.5208894026775823,75.949,1.5730430924194336,77.234,1.5235950108465572
75.953,2.7375316475106386,62.103,1.7144840781665607,60.236,1.5209620435947813,76.097,1.5798233546961113,77.442,1.527097926803131
76.176,2.7355638400657853,62.181,1.7222063003408266,60.253,1.5221008788307444,76.291,1.576860171106344,77.648,1.5288922230984128
76.441,2.7315845849094047,62.286,1.720789093111705,60.297,1.5217754095648388,76.45,1.5731331074607282,77.788,1.5317355919496323
76.592,2.7298110931384314,62.394,1.7264348050500131,60.285,1.5228971263633297,76.593,1.576696166903261,78.031,1.5257265567021676
76.725,2.7315409875185908,62.511,1.7299994224994293,60.358,1.522108886922993,76.845,1.5744002376081396,78.291,1.5297922875519447
76.814,2.7315930621905324,62.616,1.7357601797105644,60.432,1.5224189167503597,76.932,1.5713718615456116,78.472,1.5321768079307105
76.96,2.7316227327018994,62.721,1.744607608737192,60.472,1.5226866213208439,77.137,1.577862573264349,78.736,1.5353033445974802
77.084,2.7322851833873387,62.797,1.746085325426057,60.511,1.5221260471305527,77.25,1.5797774730332237,78.956,1.5350057234439731
77.243,2.748212804704656,62.906,1.7632294802114843,60.541,1.5219984899099046,77.387,1.5819466343056916,79.213,1.5401688808912468
77.361,2.7579597177480393,62.949,1.7650271865048381,60.578,1.5206394511301227,77.521,1.5804456342874489,79.409,1.545363608158746
77.493,2.8070595343140865,63.047,1.768725448379584,60.618,1.5239685598139316,77.696,1.5813925657086316,79.629,1.5446369704945142
77.59,2.90996701688463,63.139,1.7700341356437206,60.647,1.5250583524806642,77.908,1.587084771598731,79.851,1.5495801873136912
77.731,3.1701973531043874,63.213,1.7716443578781025,60.722,1.5237088482167707,78.098,1.588191491179805,80.103,1.548521241391225
77.921,3.727293390830573,63.304,1.771164692351499,60.753,1.5236813899023474,78.313,1.5931382797521194,80.24,1.5549031853660182
78.152,4.449252326526173,63.371,1.7744797516356101,60.769,1.5233290112632347,78.441,1.5938717004834644,80.488,1.5537219668507958
78.283,4.570931291340162,63.487,1.779043781300166,60.82,1.5240137522353479,78.612,1.5956181217188798,80.706,1.5572348761382073
78.267,4.5278264718552546,63.694,1.7939544970592323,60.887,1.524315800186028,78.789,1.6002336407482887,80.922,1.5589966996702174
78.323,4.611734026294888,63.844,1.805191238678077,60.882,1.5279487115537733,78.998,1.6008059850657161,81.111,1.5609764142421454
78.348,4.62465066992084,63.999,1.8315044619031227,60.954,1.5277953733206402,79.155,1.6052882426064259,81.284,1.5623144707030634
78.513,4.626587400529078,64.099,1.841557985310385,61.003,1.5269491716080097,79.286,1.6070074421181402,81.459,1.559984528999297
78.682,4.64755957158053,64.188,1.8462151991804234,60.997,1.5269371568095296,79.433,1.6103606737901572,81.655,1.5587847003656492
78.849,4.650335116483393,64.271,1.8608511671969694,61.072,1.5263696081424825,79.55,1.6128953223728844,81.836,1.5639683875337993
78.981,4.660904376646997,64.426,1.8826077413425195,61.146,1.528649618300085,79.74,1.6197460368765177,82.032,1.5688896178158358
79.103,4.672514871012462,64.512,1.896002700312104,61.166,1.5284430630362267,79.965,1.6312187051101887,82.266,1.5665228638036268
79.158,4.6704938584308,64.584,1.8968093173563603,61.226,1.5308177081402277,80.121,1.6449833179999587,82.452,1.5683914833140562
79.315,4.691135303422902,64.696,1.901374898494666,61.282,1.5319639243991532,80.288,1.6456926019258504,82.679,1.5710691617314096
79.439,4.678051051040441,64.83,1.9051700053307372,61.341,1.5314076901256926,80.441,1.6505201443164594,82.934,1.5770322048132215
79.587,4.686090855804343,64.942,1.9276674152704942,61.391,1.5312119814350893,80.624,1.6553550903795837,83.153,1.5755539061195407
79.749,4.696146983821518,65.069,1.942072061895044,61.423,1.530029182898869,80.725,1.667148885714181,83.409,1.5778453691771972
79.669,4.701030148894427,65.183,1.9513378480708865,61.497,1.531312124551863,80.849,1.6750512673416664,83.591,1.577708310434528
79.753,4.698749707181582,65.343,1.9809231327921055,61.512,1.5322042769246225,81.061,1.6936353058669282,83.844,1.5833519439212664
79.923,4.7185098424167675,65.51,2.039482077999608,61.526,1.5343103359806889,81.252,1.7023351892297285,84.119,1.5796788277850795
80.075,4.7376718653128815,65.643,2.054560862871514,61.568,1.532797730082251,81.374,1.7129109963974145,84.407,1.5849460762484568
80.275,4.810041745266432,65.788,2.078507917969213,61.596,1.532915049153391,81.526,1.7203284485771975,84.709,1.5892087589181187
80.439,4.914147500724676,65.841,2.0963117180593116,61.692,1.5276014134405471,81.651,1.7284177062521024,84.987,1.5962110070371438
80.629,5.446505222133121,65.962,2.1493887013824717,61.767,1.5293110660249483,81.768,1.7422678563247587,85.234,1.5926309828338447
80.824,10.266732871484626,66.072,2.1659854071435007,61.828,1.529402617460883,81.943,1.75830968903889,85.395,1.589330398172288
80.985,13.829616781400796,66.215,2.1949539660556923,61.953,1.5351642634382443,82.153,1.7738437809454268,85.667,1.6025127741454384
81.173,13.974822036402712,66.281,2.2042938237762115,62.07,1.5370193241224797,82.396,1.781012989723274,85.933,1.6075569944469579
81.362,13.936996754545856,66.433,2.2380584047738834,62.221,1.5364618163211303,82.555,1.7957999453177138,86.173,1.6080405200910064
81.542,13.910399333980667,66.565,2.2866477647019563,62.295,1.5460112465098377,82.748,1.8146985178778152,86.418,1.6150764017885393
81.664,13.924976052370214,66.699,2.3216297234860748,62.33,1.5449410216096766,82.868,1.8214475085892161,86.68,1.629419989340363
81.797,13.705945233662248,66.815,2.339270276503359,62.387,1.5440569374568696,83.094,1.8596514088197948,86.858,1.6336609198053282
81.864,13.689259597084277,66.893,2.3330953808834125,62.508,1.5460352971104014,83.291,1.8621474462357726,87.08,1.6390177355611542
82.046,13.58741880456195,66.98,2.409025779849864,62.565,1.546257480102065,83.471,1.8968535483156728,87.343,1.6592873706617666
82.192,13.268382681410898,67.132,2.4775928641852802,62.551,1.5456121249357977,83.697,1.9308422874667315,87.555,1.6628829912880208
82.371,13.354915916504192,67.256,2.498765305975314,62.562,1.5453424213754545,83.868,1.9556705287023504,87.759,1.6816473314980669
82.519,13.018092187574128,67.344,2.529056749573553,62.581,1.545113376382369,84.063,1.9875638516441143,87.969,1.6874194525991442
82.669,12.808041763441809,67.462,2.5417663335717378,62.645,1.5461143206988226,84.226,2.011187723161393,88.192,1.7178533735397168
82.811,12.689893861433374,67.537,2.5616929585901715,62.691,1.5438628331000586,84.353,2.040457000441748,88.42,1.723322235909754
82.958,12.616474095574803,67.643,2.589437703059366,62.744,1.5418148223856263,84.557,2.0759477910400905,88.653,1.7380460785257497
83.092,12.555843976771676,67.707,2.5974255506086563,62.757,1.541723791423331,84.775,2.114239783112177,88.86,1.7466129820090373
83.238,12.42771272628225,67.77,2.600673296108968,62.77,1.5415617686998275,84.954,2.1730767381824534,89.08,1.7719232515366001
83.39,11.915945279394668,67.84,2.602000698021482,62.782,1.5415451657324752,85.082,2.195620877844411,89.303,1.7944589965867634
83.44,11.802757837116058,67.937,2.6281273441031603,62.805,1.541846311171625,85.254,2.2333402969397893,89.508,1.8147350433720306
83.68,11.617599421481986,68.031,2.653351899523051,62.848,1.541069982708106,85.382,2.269670696717381,89.694,1.8203984031251452
83.782,11.491607872629318,68.114,2.6582682355541407,62.836,1.5419184492889315,85.572,2.325524353324144,89.91,1.8362041887202991
84.11,11.091994041336935,68.187,2.6630342555323807,62.839,1.5419281822277697,85.693,2.365615787224985,90.172,1.8651441194972194
84.45,11.099115234558225,68.31,2.6980049330179496,62.845,1.5423094878345325,85.85,2.4283290234462327,90.357,1.8898917852387798
84.728,10.587720832289026,68.452,2.7188973908435456,62.863,1.5418617693195558,85.987,2.4738606769870075,90.553,1.9101385981646757
84.918,9.860900530313272,68.575,2.7388636125848422,62.868,1.541012159937435,86.213,2.5480517117845607,90.777,1.9429008260973177
85.252,9.5110031832356,68.718,2.756836284479647,62.907,1.5405730553788062,86.416,2.5894485278836044,90.978,1.9691439087337586
85.309,9.331043425931345,68.823,2.76634526467096,63.011,1.5397234961404707,86.523,2.61561657948387,91.178,2.0151029965030007
85.336,9.340966675676048,68.897,2.7722744521507563,63.136,1.538221963851902,86.78,2.6663140204406006,91.414,2.05172222663692
85.405,9.211509349306098,69.009,2.7810846364757538,63.169,1.5371498310845624,87.056,2.7351532224679547,91.618,2.0886164414901147
85.596,8.867417696625132,69.124,2.7872937168804555,63.176,1.537319834744352,87.244,2.7427327954487764,91.827,2.1534060447854215
85.794,8.719483867865176,69.235,2.7916438596617583,63.176,1.5373759305184478,87.403,2.7521298069352156,92.037,2.2009569283521104
86.06,8.35694351096251,69.341,2.79959720928895,63.245,1.53742515754096,87.523,2.779513844048256,92.268,2.2627582905083243
86.362,7.665613787334538,69.429,2.798610010499897,63.338,1.537903695774935,87.704,2.7823878538928426,92.518,2.433586485148621
86.699,7.385908952287647,69.494,2.8067799749224775,63.446,1.541195361321013,87.988,2.796535528616329,92.715,2.6100589935824785
86.774,7.2153668695609765,69.603,2.811114788299366,63.478,1.5425281976593397,88.11,2.808497502005841,92.891,2.7178093633233855
86.989,6.920165317063434,69.677,2.814345827527762,63.634,1.5482852907268694,88.282,2.8189047968735084,93.108,2.772920614656391
87.247,5.910733625485437,69.791,2.8206026602578307,63.684,1.5476238406903349,88.396,2.8245900284203573,93.352,2.8153386457850447
87.446,6.005007915948838,69.89,2.8279704093268037,63.693,1.5507869557685978,88.594,2.824796837987222,93.536,2.8174746139035505
87.607,5.878252445097118,69.97,2.8289170399805896,63.695,1.5511506603440837,88.744,2.825090024528086,93.74,2.8223371554924794
87.716,5.853019518330697,70.071,2.830907175053946,63.684,1.5511225947358298,88.976,2.8284741379473104,93.903,2.8136533758121773
87.814,5.810155850392524,70.154,2.830629116470857,63.759,1.5519468222248975,89.133,2.8261289847836166,93.916,2.811388327922549
87.897,5.6470108303282185,70.276,2.832105242931314,63.786,1.551730881923305,89.213,2.830311513678285,,
88.203,5.266337017880088,70.325,2.8328835072916605,63.88,1.5534911154155053,89.353,2.828650567558236,,
88.37,4.759617919580594,70.406,2.834446209997162,63.921,1.552448590964437,89.545,2.8323930573551594,,
88.554,4.335061712284883,70.532,2.836657199277249,63.95,1.5527768089500114,89.64,2.8317900512115672,,
88.768,4.326808484793102,70.664,2.8380351560898873,63.992,1.552814041668512,89.828,2.8337445612494263,,
89.015,4.026686766025312,70.764,2.8398380819629296,64.029,1.5530414490357913,89.961,2.8334439489117584,,
89.107,4.0863083647438625,70.855,2.841394617603072,64.096,1.5532121493219535,90.2,2.838130715710341,,
89.318,4.210543968064212,70.998,2.843695852430611,64.189,1.554750803439481,90.351,2.836442966946291,,
89.611,3.6141795463852247,71.087,2.845498057673197,64.29,1.5552245657751995,90.451,2.8376857890326845,,
89.65,3.3861737463151655,71.131,2.8451869224291273,64.304,1.557621605701567,90.674,2.838276186304691,,
89.862,3.171656836058048,71.268,2.849150443891486,64.312,1.5572549286137274,90.878,2.8380698496586403,,
89.895,3.2167851732848134,71.351,2.8490487431154605,64.319,1.5567960180036835,90.988,2.8360680657440214,,
90.153,2.8202183178706575,71.464,2.8505919695597557,64.341,1.5569902374208282,91.203,2.837091148317947,,
90.225,2.7921327313223943,71.562,2.8508818703458045,64.375,1.557172427118229,91.328,2.836362021789273,,
90.535,2.725880769388732,71.689,2.8491632326474927,64.375,1.556094207087287,91.517,2.8372140920692233,,
90.661,2.7218652500401306,71.778,2.85075336339967,64.383,1.5558805173077617,91.664,2.8365427794588216,,
90.922,2.604036493219675,71.94,2.8497630951552706,64.421,1.555923484253509,91.841,2.8362634273672995,,
91.031,2.421175170150917,72.029,2.8512576511982104,64.434,1.5566264355016586,92.071,2.8337701195863163,,
91.303,2.147269904674218,72.164,2.8515908046445646,64.461,1.556009418398844,92.204,2.831156031550472,,
91.574,2.170769879573558,72.307,2.8513660625122244,64.521,1.5559148908575906,92.305,2.8315971659999803,,
91.793,1.9013091202280719,72.408,2.85133378267908,64.614,1.5571798751570953,92.454,2.8290849558847837,,
92.043,1.8544685242208772,72.533,2.852673133876851,64.669,1.557009143828114,92.556,2.8259580515295055,,
92.134,1.792597446067316,72.6,2.8513538814371486,64.778,1.5551586852699586,92.839,2.8261046525610056,,
92.313,1.5878696244778496,72.684,2.852601261061122,64.792,1.5549954170490594,92.973,2.820543062391553,,
92.427,1.5303341751355675,72.791,2.8522285010040607,64.91,1.5549604720797987,93.151,2.8168379955794705,,
92.717,1.4326852861873305,72.901,2.851508581627735,64.952,1.5553093514138028,93.24,2.809448706635652,,
92.967,1.3900289970625608,72.974,2.850897705380632,65.036,1.5538434082883696,93.355,2.808364397646366,,
93.194,1.3747363652159834,73.101,2.8512326801339896,65.25,1.5580312600489805,93.432,2.8090347904602337,,
93.485,1.3735074369941884,73.208,2.851883764885997,65.404,1.560077928170361,93.569,2.808718128937355,,
93.621,1.3247777788975554,73.288,2.8519026460429218,65.457,1.5577510900205396,93.665,2.808198474240092,,
93.759,1.3252477338179602,73.399,2.851729061867357,65.55,1.5587440196536022,93.767,2.802148957910572,,
93.798,1.3236236257234963,73.471,2.85193370862921,65.671,1.5594986305608813,93.834,2.8001944116110793,,
93.805,1.3246162164918331,73.573,2.850403170829395,65.763,1.5608606633220574,93.875,2.799831106404011,,
93.801,1.3241950260313615,73.66,2.851831994060956,65.837,1.5610973230373104,93.869,2.799711423651914,,
93.801,1.3248979594197805,73.746,2.851201618608704,65.945,1.5592172957283055,93.87,2.798799548993503,,
93.8,1.3251422907085413,73.847,2.849698540581676,66.041,1.5577075465354766,93.867,2.7996391283166076,,
93.797,1.3250850341775702,73.925,2.8492296125090606,66.185,1.5602016970131047,93.869,2.7985389340149167,,
93.8,1.3249263039780288,74.042,2.8499823386190486,66.311,1.563508189488735,93.872,2.7994441144352065,,
93.806,1.324655898376551,74.122,2.849604754110092,66.408,1.5662930231982812,93.877,2.7991245629742396,,
93.65,1.3274474147355761,74.266,2.8490804103689413,66.479,1.5645707286628578,,,,
93.351,1.3479807963038268,74.371,2.8477778304028676,66.537,1.5663658153473534,,,,
,,74.49,2.8487893170707226,66.594,1.5652957379060268,,,,
,,74.642,2.8475683535421323,66.664,1.56652916869227,,,,
,,74.761,2.8471420990888587,66.72,1.5675310959753972,,,,
,,74.863,2.8453202655277634,66.84,1.5654802895616258,,,,
,,75.0,2.8463639030743195,66.914,1.5670198092533099,,,,
,,75.132,2.844429501350919,67.056,1.5666248885892458,,,,
,,75.247,2.8439613024572,67.215,1.5711368101888865,,,,
,,75.345,2.843054159432427,67.359,1.5732082158369365,,,,
,,75.489,2.842517198351291,67.456,1.5757884316886361,,,,
,,75.604,2.8405539397820605,67.549,1.5741955423658738,,,,
,,75.671,2.841980251312279,67.675,1.5744076915327838,,,,
,,75.8,2.8405977686225325,67.776,1.575985687421553,,,,
,,75.927,2.8395300759880344,67.881,1.575837745454527,,,,
,,76.055,2.838502611204606,67.967,1.57838501051138,,,,
,,76.219,2.8332382693207165,68.173,1.5786740481337092,,,,
,,76.315,2.8304751819371603,68.272,1.5777920365933114,,,,
,,76.474,2.827489201852211,68.314,1.5830008948238088,,,,
,,76.544,2.8256058483467683,68.481,1.5788386407147386,,,,
,,76.708,2.828415125622459,68.568,1.5789917645455092,,,,
,,76.811,2.821296562419704,68.706,1.5785289553561,,,,
,,76.968,2.82568005991439,68.923,1.577209974403368,,,,
,,77.165,2.819931890163923,69.065,1.5862213513469272,,,,
,,77.279,2.8218043847191496,69.222,1.5813369301991826,,,,
,,77.406,2.8216669369661616,69.33,1.590238123862818,,,,
,,77.533,2.818128885941809,69.444,1.5890360552946845,,,,
,,77.641,2.815755120870807,69.586,1.5890171210936643,,,,
,,77.781,2.8122460502003777,69.704,1.5973319659794611,,,,
,,77.844,2.809936178071317,69.858,1.602104579316972,,,,
,,77.957,2.808326107510723,70.038,1.6059123985409087,,,,
,,78.102,2.806665721308397,70.207,1.6107908482756954,,,,
,,78.237,2.806638981192498,70.417,1.611743120571316,,,,
,,78.371,2.8038211324678826,70.529,1.6159800312605994,,,,
,,78.464,2.8019715403881293,70.584,1.6196127361519956,,,,
,,78.625,2.7991494707995117,70.565,1.623016182426025,,,,
,,78.795,2.7939115934069236,70.732,1.6156192643264773,,,,
,,78.986,2.79082464610253,70.825,1.6174880788266592,,,,
,,79.083,2.786124970023252,71.002,1.631974681521433,,,,
,,79.209,2.785869979525603,71.057,1.630526564204871,,,,
,,79.335,2.7812740136710574,71.286,1.6347245877610816,,,,
,,79.435,2.7810967759873164,71.378,1.6394202975858037,,,,
,,79.545,2.7797092761476163,71.52,1.644492067602286,,,,
,,79.696,2.7779207167618067,71.617,1.647586440167342,,,,
,,79.971,2.7711878527297755,71.693,1.6543272433840115,,,,
,,80.1,2.770061271627134,71.734,1.65586270129497,,,,
,,80.306,2.765751469303885,71.774,1.6567168035776831,,,,
,,80.426,2.765591347639301,71.842,1.6602181682615083,,,,
,,80.553,2.7582537727215537,71.901,1.66892596529718,,,,
,,80.715,2.755648046070894,71.947,1.6710591136079642,,,,
,,80.852,2.7564361557357726,72.151,1.6863537766876733,,,,
,,80.996,2.7564058432685554,72.25,1.6913108535470827,,,,
,,81.094,2.756752620554772,72.367,1.6911880657482186,,,,
,,81.209,2.7528268603912665,72.416,1.6920089701628114,,,,
,,81.347,2.7550394035294063,72.441,1.693664709017574,,,,
,,81.421,2.7520358580537705,72.472,1.6935390252409435,,,,
,,81.551,2.7504200042764495,72.642,1.6947647614238264,,,,
,,81.671,2.749027295664334,72.785,1.7056218363331908,,,,
,,81.752,2.750141818669394,72.851,1.7109116277651792,,,,
,,81.864,2.748906695643984,72.913,1.711495551273336,,,,
,,82.01,2.747355321074585,73.014,1.7151292709305408,,,,
,,82.125,2.7461997440471606,73.068,1.731426473430966,,,,
,,82.278,2.7441977858348907,73.125,1.7377953515247242,,,,
,,82.367,2.743106606518148,73.192,1.739302068109751,,,,
,,82.532,2.7407463183181733,73.26,1.7398682694095897,,,,
,,82.681,2.738796376271142,73.393,1.7474226969362092,,,,
,,82.83,2.739631091254995,73.582,1.7670066873390566,,,,
,,82.971,2.738964770334394,73.694,1.7687653673760166,,,,
,,83.109,2.7362464039128556,73.805,1.771720156420693,,,,
,,83.263,2.735454825747732,73.806,1.7720077304091972,,,,
,,83.349,2.736505020956591,73.84,1.773162693881801,,,,
,,83.533,2.7371870102474274,73.934,1.7784169369318987,,,,
,,83.654,2.734385304695988,74.071,1.789433062807919,,,,
,,83.749,2.7364190168025346,74.204,1.801650700459143,,,,
,,83.88,2.735329459993795,74.283,1.8030824913500112,,,,
,,84.024,2.734842539360315,74.354,1.8068394386540234,,,,
,,84.178,2.7378696277801255,74.423,1.807610844147129,,,,
,,84.234,2.7354578539154604,74.487,1.8138920739216189,,,,
,,84.366,2.7349945494193237,74.579,1.8252906052076896,,,,
,,84.496,2.7361107372513858,74.693,1.8373765238594615,,,,
,,84.686,2.7379344382492206,74.857,1.840847474302592,,,,
,,84.808,2.738082231108251,74.95,1.8500075493625332,,,,
,,84.968,2.7397025705952074,75.057,1.8615826749909388,,,,
,,85.11,2.7366219145011312,75.241,1.8742087354906887,,,,
,,85.219,2.738495329877202,75.371,1.8946933215561388,,,,
,,85.36,2.737125836220437,75.508,1.9171139205186392,,,,
,,85.483,2.736744865420431,75.555,1.926310646102405,,,,
,,85.61,2.7357425036654943,75.62,1.9290166930961163,,,,
,,85.828,2.7403022798975796,75.787,1.9424569870955337,,,,
,,86.006,2.747202007969926,75.877,1.9569696283715188,,,,
,,86.17,2.7541598134314627,75.911,1.9602603331256916,,,,
,,86.3,2.7540258474532777,76.019,1.986537572794066,,,,
,,86.493,2.7548248067578243,76.1,1.9955086589975195,,,,
,,86.653,2.7565858999776593,76.147,2.0093230858463103,,,,
,,86.734,2.7632266653254676,76.212,2.0126850505381784,,,,
,,86.906,2.761681489871651,76.282,2.0207305205727066,,,,
,,87.025,2.766858404989546,76.387,2.0269216321468404,,,,
,,87.249,2.799995139733258,76.421,2.049250892407085,,,,
,,87.401,2.810825448124595,76.471,2.055959214823946,,,,
,,87.553,2.85481481565042,76.633,2.0608497706335926,,,,
,,87.695,2.9579691188948827,76.68,2.0775353621610635,,,,
,,87.811,3.048359229818618,76.703,2.0791371388713147,,,,
,,87.898,3.1638057008003613,76.709,2.0796800916257667,,,,
,,88.058,3.3968062628274622,76.795,2.1109822705115304,,,,
,,88.203,3.7056736261762127,76.842,2.1183510402039163,,,,
,,88.361,4.232090085360585,76.917,2.138719134462363,,,,
,,88.48,4.389261273260923,77.02,2.1470414311691286,,,,
,,88.663,4.502914132242827,77.101,2.1502326278943658,,,,
,,88.812,4.550848624705549,77.165,2.1515825089360305,,,,
,,88.96,4.580641803988092,77.245,2.156027946669988,,,,
,,89.071,4.652366638210319,77.333,2.177362749589284,,,,
,,89.218,4.668585324814378,77.426,2.1836886908808792,,,,
,,89.328,4.678947609187654,77.458,2.2316186479078057,,,,
,,89.514,4.711979076258848,77.507,2.2444865183072267,,,,
,,89.654,4.719734657475385,77.616,2.2446261273019585,,,,
,,89.765,4.737271463507147,77.768,2.306912165552376,,,,
,,89.987,4.815826392320159,77.902,2.3675554862091817,,,,
,,90.186,4.95592225435812,77.943,2.383744677842634,,,,
,,90.285,5.008538038043364,77.997,2.385238210022487,,,,
,,90.446,5.264998619547265,78.09,2.3920485870075936,,,,
,,90.554,5.613783825424565,78.181,2.40514365809818,,,,
,,90.654,5.951466345772451,78.278,2.446326487328443,,,,
,,90.74,6.7602853247488115,78.375,2.474191403201644,,,,
,,90.848,9.056237163065328,78.494,2.4985120290792198,,,,
,,90.946,10.062164796239117,78.532,2.5499177672692013,,,,
,,91.119,10.516083149144247,78.57,2.549608046905817,,,,
,,91.217,10.737180290214855,78.65,2.5605945316711027,,,,
,,91.349,10.89616337667483,78.759,2.587214523908517,,,,
,,91.497,10.865847533945841,78.928,2.6105628537636507,,,,
,,91.658,10.893320919702502,79.071,2.6292962278933514,,,,
,,91.758,10.77985088562882,79.241,2.6995628824926654,,,,
,,91.874,10.696023547176225,79.266,2.702766811493248,,,,
,,92.07,10.592351506608907,79.343,2.7092166855451607,,,,
,,92.135,10.610244890386866,79.49,2.7152141831044134,,,,
,,92.196,10.639711626083967,79.758,2.7379653292920976,,,,
,,92.376,10.565661311669583,79.863,2.759029855473693,,,,
,,92.501,10.4890861564908,79.979,2.76059241695265,,,,
,,92.66,10.17338627183063,80.124,2.777131178201955,,,,
,,92.802,9.70863240802361,80.197,2.795711868482914,,,,
,,92.982,9.62978891976064,80.32,2.7999507898522866,,,,
,,93.086,9.492089764851976,80.373,2.803540401809113,,,,
,,93.174,9.442188867431863,80.478,2.8051300441641103,,,,
,,93.3,9.30355884295018,80.537,2.8060975013249676,,,,
,,93.46,9.355682290831771,80.687,2.807712867273915,,,,
,,93.586,9.1795081399287,80.759,2.8100218818497154,,,,
,,93.707,9.1500438923411,80.853,2.8119986383310276,,,,
,,93.783,9.042605435518887,81.007,2.8253588839123522,,,,
,,93.796,9.057942873623963,81.066,2.8275585534354177,,,,
,,93.791,9.069473343953774,81.084,2.827030513941287,,,,
,,93.798,9.060540212888622,81.175,2.8289961306340645,,,,
,,93.804,9.058222335076556,81.278,2.8336027739104366,,,,
,,93.793,9.060512617882354,81.376,2.832952268578481,,,,
,,93.789,9.059848931479296,81.398,2.835686476904834,,,,
,,93.792,9.05748795929535,81.495,2.8380655890417756,,,,
,,93.794,9.056179859938178,81.564,2.8373114737806957,,,,
,,93.792,9.057437020709115,81.591,2.83872660388453,,,,
,,93.794,9.059386200724179,81.749,2.8371094072443754,,,,
,,93.794,9.055828262052932,81.873,2.8382859249586856,,,,
,,93.791,9.058220920074245,81.935,2.8388623397679766,,,,
,,93.794,9.058849188722524,81.909,2.8400706112730942,,,,
,,93.791,9.062738709712699,81.937,2.8389761638237276,,,,
,,93.795,9.065433485390933,81.98,2.838973120391569,,,,
,,93.802,9.072264385236544,82.097,2.8400286097107,,,,
,,93.788,9.086481909874914,82.279,2.8396341644469345,,,,
,,93.791,9.094782072025772,82.435,2.8401120042012393,,,,
,,93.804,9.102262773276975,82.553,2.8420064286767968,,,,
,,93.79,9.101216748983685,82.615,2.8422255893169677,,,,
,,93.803,9.106318285784646,82.637,2.8404212363632837,,,,
,,93.791,9.10702852603429,82.691,2.8411091120070466,,,,
,,93.794,9.110355996671926,82.789,2.841555330388425,,,,
,,93.801,9.112877756064291,82.949,2.8427795891433107,,,,
,,93.803,9.120633850296302,83.006,2.8426736583503525,,,,
,,,,83.152,2.8417690072896704,,,,
,,,,83.258,2.8423278650829276,,,,
,,,,83.222,2.841884673776363,,,,
,,,,83.272,2.842292555534718,,,,
,,,,83.318,2.842140359901157,,,,
,,,,83.416,2.8422030643655374,,,,
,,,,83.473,2.8428142907288105,,,,
,,,,83.544,2.8424283149918126,,,,
,,,,83.606,2.8417653546743877,,,,
,,,,83.74,2.842352216530864,,,,
,,,,83.838,2.842573207241185,,,,
,,,,83.964,2.8423205596541776,,,,
,,,,84.052,2.8414201854620584,,,,
,,,,84.089,2.840332362076077,,,,
,,,,84.152,2.8424971082432338,,,,
,,,,84.201,2.8425178071427526,,,,
,,,,84.228,2.841890152731369,,,,
,,,,84.278,2.841432360644194,,,,
,,,,84.268,2.8419187650757096,,,,
,,,,84.356,2.84144818839176,,,,
,,,,84.528,2.840885702081036,,,,
,,,,84.686,2.841275301348759,,,,
,,,,84.728,2.840919182977777,,,,
,,,,84.79,2.842335779300339,,,,
,,,,84.865,2.8403469715215293,,,,
,,,,84.906,2.839223292020338,,,,
,,,,84.915,2.8387673854233926,,,,
,,,,84.912,2.8399433894133126,,,,
,,,,85.114,2.836862304483398,,,,
,,,,85.432,2.836410101956852,,,,
,,,,85.456,2.8357497702569474,,,,
,,,,85.559,2.834395700223422,,,,
,,,,85.649,2.8350012171373296,,,,
,,,,85.5,2.836874476963581,,,,
,,,,85.545,2.835739424214901,,,,
,,,,85.539,2.8351606627510364,,,,
,,,,85.599,2.834178448757214,,,,
,,,,85.725,2.8350492941195227,,,,
,,,,85.885,2.835217260155841,,,,
,,,,86.116,2.833359972971974,,,,
,,,,86.157,2.8333569303719033,,,,
,,,,86.186,2.8333544962921735,,,,
,,,,86.211,2.833211494614204,,,,
,,,,86.219,2.833452468229177,,,,
,,,,86.228,2.8323492460198794,,,,
,,,,86.216,2.8332321841570804,,,,
,,,,86.221,2.8323309913244232,,,,
,,,,86.273,2.8303930434286486,,,,
,,,,86.296,2.831163941464098,,,,
,,,,86.387,2.8325317938666386,,,,
,,,,86.537,2.831132301827876,,,,
,,,,86.742,2.8282946680009076,,,,
,,,,86.906,2.8261995483921254,,,,
,,,,86.95,2.825246351841585,,,,
,,,,86.998,2.8254008554911225,,,,
,,,,86.997,2.824913625485658,,,,
,,,,87.002,2.8257147326239105,,,,
,,,,87.018,2.8251958646803645,,,,
,,,,87.031,2.8250571776951174,,,,
,,,,87.048,2.823347998275176,,,,
,,,,87.173,2.822312219566027,,,,
,,,,87.302,2.8230657844571736,,,,
,,,,87.614,2.8179586272732338,,,,
,,,,87.706,2.8182784715071847,,,,
,,,,87.764,2.8157648488568525,,,,
,,,,87.845,2.8170100690753315,,,,
,,,,87.903,2.8171262042982677,,,,
,,,,87.928,2.815938737383945,,,,
,,,,87.979,2.8162074770914614,,,,
,,,,88.093,2.814041851119876,,,,
,,,,88.209,2.812708663672717,,,,
,,,,88.315,2.8101008998342025,,,,
,,,,88.316,2.811133024161046,,,,
,,,,88.306,2.811729953628486,,,,
,,,,88.366,2.8111542993534386,,,,
,,,,88.468,2.810632151704735,,,,
,,,,88.534,2.809806103515581,,,,
,,,,88.608,2.8071045072666694,,,,
,,,,88.779,2.80615584190497,,,,
,,,,88.845,2.801707239724604,,,,
,,,,88.904,2.8002812898936584,,,,
,,,,88.821,2.8049100633954454,,,,
,,,,88.911,2.802843452860853,,,,
,,,,89.084,2.8001452009983807,,,,
,,,,89.385,2.792930740569352,,,,
,,,,89.559,2.794115057898992,,,,
,,,,89.711,2.7950060738590112,,,,
,,,,89.87,2.7885730395000308,,,,
,,,,90.049,2.7879415651482646,,,,
,,,,90.194,2.785975618062909,,,,
,,,,90.324,2.787067855173021,,,,
,,,,90.445,2.784052353036299,,,,
,,,,90.517,2.783215230340036,,,,
,,,,90.648,2.7801426322006306,,,,
,,,,90.835,2.7776288085105394,,,,
,,,,91.003,2.7757500136534077,,,,
,,,,91.053,2.773549808326601,,,,
,,,,91.121,2.773055916977154,,,,
,,,,91.239,2.774144435242502,,,,
,,,,91.287,2.7712770354481817,,,,
,,,,91.398,2.7716610715641536,,,,
,,,,91.51,2.7730971752607276,,,,
,,,,91.554,2.7729746141307743,,,,
,,,,91.57,2.771693226571614,,,,
,,,,91.688,2.769215011312963,,,,
,,,,91.82,2.7662815779340604,,,,
,,,,91.959,2.7638725441813845,,,,
,,,,92.319,2.7637009143043088,,,,
,,,,92.551,2.7597307803172244,,,,
,,,,92.644,2.760121271275932,,,,
,,,,92.874,2.759005602445464,,,,
,,,,93.093,2.761545655810136,,,,
,,,,93.272,2.7708141388697443,,,,
,,,,93.291,2.8357077775304047,,,,
,,,,93.294,2.8371562718965064,,,,
