iteration,_is_super,_lambda,_scale_factor,in_inst:0_usecol:1_direct_idx0:18.75,out_inst:0_usecol:2_direct_idx0:18.75,in_inst:0_usecol:1_direct_idx0:21.25,out_inst:0_usecol:2_direct_idx0:21.25,in_inst:0_usecol:1_direct_idx0:23.75,out_inst:0_usecol:2_direct_idx0:23.75,in_inst:0_usecol:1_direct_idx0:26.25,out_inst:0_usecol:2_direct_idx0:26.25,in_inst:0_usecol:1_direct_idx0:28.75,out_inst:0_usecol:2_direct_idx0:28.75,in_inst:0_usecol:1_direct_idx0:31.25,out_inst:0_usecol:2_direct_idx0:31.25,in_inst:0_usecol:1_direct_idx0:33.75,out_inst:0_usecol:2_direct_idx0:33.75,in_inst:0_usecol:1_direct_idx0:36.25,out_inst:0_usecol:2_direct_idx0:36.25,in_inst:0_usecol:1_direct_idx0:38.75,out_inst:0_usecol:2_direct_idx0:38.75,in_inst:0_usecol:1_direct_idx0:41.25,out_inst:0_usecol:2_direct_idx0:41.25,in_inst:0_usecol:1_direct_idx0:43.75,out_inst:0_usecol:2_direct_idx0:43.75,in_inst:0_usecol:1_direct_idx0:46.25,out_inst:0_usecol:2_direct_idx0:46.25,in_inst:0_usecol:1_direct_idx0:48.75,out_inst:0_usecol:2_direct_idx0:48.75,in_inst:0_usecol:1_direct_idx0:51.25,out_inst:0_usecol:2_direct_idx0:51.25,in_inst:0_usecol:1_direct_idx0:53.75,out_inst:0_usecol:2_direct_idx0:53.75,in_inst:0_usecol:1_direct_idx0:56.25,out_inst:0_usecol:2_direct_idx0:56.25,in_inst:0_usecol:1_direct_idx0:58.75,out_inst:0_usecol:2_direct_idx0:58.75,in_inst:0_usecol:1_direct_idx0:61.25,out_inst:0_usecol:2_direct_idx0:61.25,in_inst:0_usecol:1_direct_idx0:63.75,out_inst:0_usecol:2_direct_idx0:63.75,in_inst:0_usecol:1_direct_idx0:66.25,out_inst:0_usecol:2_direct_idx0:66.25,in_inst:0_usecol:1_direct_idx0:68.75,out_inst:0_usecol:2_direct_idx0:68.75,in_inst:0_usecol:1_direct_idx0:71.25,out_inst:0_usecol:2_direct_idx0:71.25,tot_inst:0_usecol:1_direct,p_inst:0_usecol:1_direct_idx0:boreholedepth,p_inst:0_usecol:1_direct_idx0:spatialdiscretizationofgrid,p_inst:0_usecol:1_direct_idx0:constantboreholecross-sectionalarea,p_inst:0_usecol:1_direct_idx0:dispersivity,p_inst:0_usecol:1_direct_idx0:diffusioncoefficient,p_inst:0_usecol:1_direct_idx0:tracerconcentrationofwaterinflow,p_inst:0_usecol:1_direct_idx0:watertemperature,p_inst:0_usecol:1_direct_idx0:alphamin,p_inst:0_usecol:1_direct_idx0:alphamax,p_inst:0_usecol:1_direct_idx0:flowmin,p_inst:0_usecol:1_direct_idx0:flowmax
0,0,0.1,1,0.508264,0.5,0.823847,0.5,0.734584,0.5,0.644653,0.5,0.581277,0.5,0.537966,0.5,0.53481,0.5,1.94466,0.5,0.884806,0.5,0.636929,0.5,0.544842,0.5,0.500286,0.5,0.485235,0.5,0.710836,0.5,0.505964,0.5,0.453743,0.5,0.433253,0.5,0.422909,0.5,0.416847,0.5,0.412815,0.5,0.410459,0.5,0.430998,0.5,1.1,,,,1.3,1e-09,,,,,,
0,0,0.1,0.75,0.506185,0.5,0.727156,0.5,0.667227,0.5,0.604975,0.5,0.559796,0.5,0.528212,0.5,0.525887,0.5,1.38476,0.5,0.767147,0.5,0.59953,0.5,0.533268,0.5,0.500214,0.5,0.488885,0.5,0.650983,0.5,0.504466,0.5,0.46489,0.5,0.449054,0.5,0.440989,0.5,0.43624,0.5,0.433071,0.5,0.431216,0.5,0.4473,0.5,0.604011,71.25,2.5,0.0314159,1.3,1e-09,0,28.5,0.2,1.5,0,2
0,0,1,1,0.510298,0.5,0.772644,0.5,0.696688,0.5,0.623156,0.5,0.570111,0.5,0.532503,0.5,0.527937,0.5,1.61334,0.5,0.813368,0.5,0.616335,0.5,0.53877,0.5,0.499394,0.5,0.48513,0.5,0.682251,0.5,0.504587,0.5,0.45652,0.5,0.436491,0.5,0.425879,0.5,0.419401,0.5,0.414928,0.5,0.412307,0.5,0.445059,0.5,1.1,,,,1.3,1e-09,,,,,,
0,0,1,0.75,0.507704,0.5,0.69299,0.5,0.641241,0.5,0.58978,0.5,0.551711,0.5,0.524185,0.5,0.52081,0.5,1.20375,0.5,0.720208,0.5,0.584931,0.5,0.528804,0.5,0.499546,0.5,0.488805,0.5,0.631249,0.5,0.503436,0.5,0.467022,0.5,0.451569,0.5,0.44331,0.5,0.438243,0.5,0.434732,0.5,0.432671,0.5,0.458201,0.5,0.604011,71.25,2.5,0.0314159,1.3,1e-09,0,28.5,0.2,1.5,0,2
0,0,10,1,0.488457,0.5,0.621082,0.5,0.589599,0.5,0.560834,0.5,0.537389,0.5,0.517622,0.5,0.50961,0.5,0.841248,0.5,0.625803,0.5,0.557129,0.5,0.521544,0.5,0.498964,0.5,0.487262,0.5,0.594327,0.5,0.502073,0.5,0.468891,0.5,0.450551,0.5,0.438406,0.5,0.429457,0.5,0.421958,0.5,0.415852,0.5,0.473434,0.5,1.1,,,,1.3,1e-09,,,,,,
0,0,10,0.75,0.491317,0.5,0.588307,0.5,0.565797,0.5,0.544964,0.5,0.527787,0.5,0.513159,0.5,0.50719,0.5,0.738645,0.5,0.591658,0.5,0.542262,0.5,0.516073,0.5,0.499223,0.5,0.490415,0.5,0.569196,0.5,0.501554,0.5,0.476482,0.5,0.462435,0.5,0.453054,0.5,0.4461,0.5,0.440245,0.5,0.435458,0.5,0.47994,0.5,0.604011,71.25,2.5,0.0314159,1.3,1e-09,0,28.5,0.2,1.5,0,2
0,0,100,1,0.453959,0.5,0.563671,0.5,0.548742,0.5,0.536394,0.5,0.525113,0.5,0.514133,0.5,0.505303,0.5,0.6271,0.5,0.561171,0.5,0.534352,0.5,0.516476,0.5,0.502774,0.5,0.492487,0.5,0.555219,0.5,0.504263,0.5,0.480622,0.5,0.463772,0.5,0.450254,0.5,0.438564,0.5,0.427047,0.5,0.412793,0.5,0.452526,0.5,1.1,,,,1.3,1e-09,,,,,,
0,0,100,0.75,0.465056,0.5,0.547031,0.5,0.536128,0.5,0.527054,0.5,0.518719,0.5,0.510562,0.5,0.503972,0.5,0.592577,0.5,0.54521,0.5,0.525549,0.5,0.512307,0.5,0.502079,0.5,0.494355,0.5,0.540867,0.5,0.503194,0.5,0.485395,0.5,0.472575,0.5,0.462206,0.5,0.453176,0.5,0.444221,0.5,0.433053,0.5,0.463954,0.5,0.604011,71.25,2.5,0.0314159,1.3,1e-09,0,28.5,0.2,1.5,0,2
0,0,1000,1,0.486954,0.5,0.508267,0.5,0.506484,0.5,0.505074,0.5,0.503755,0.5,0.502441,0.5,0.501251,0.5,0.514925,0.5,0.507844,0.5,0.50483,0.5,0.502722,0.5,0.501052,0.5,0.4997,0.5,0.507324,0.5,0.501215,0.5,0.498248,0.5,0.496028,0.5,0.494185,0.5,0.492544,0.5,0.490884,0.5,0.488682,0.5,0.486924,0.5,0.179184,,,,1.3,1e-09,,,,,,
0,0,1000,0.75,0.490183,0.5,0.506187,0.5,0.504855,0.5,0.5038,0.5,0.502814,0.5,0.50183,0.5,0.500938,0.5,0.511153,0.5,0.505872,0.5,0.503618,0.5,0.50204,0.5,0.500789,0.5,0.499775,0.5,0.505483,0.5,0.500911,0.5,0.498685,0.5,0.497018,0.5,0.495632,0.5,0.494398,0.5,0.493147,0.5,0.491487,0.5,0.49016,0.5,0.154873,71.25,2.5,0.0314159,1.3,1e-09,0,28.5,0.2,1.5,0,2
1,0,0.1,1,0.55015,0.464653,0.894454,0.475261,0.775416,0.487478,0.674301,0.501327,0.604053,0.519256,0.553876,0.54062,0.540605,0.555985,2.28096,0.560124,0.855729,0.529702,0.615694,0.512847,0.527726,0.511696,0.482113,0.517202,0.460404,0.522796,0.979982,0.541695,0.490484,0.544766,0.435183,0.534917,0.414197,0.51547,0.402588,0.492953,0.394897,0.473661,0.388951,0.460594,0.384388,0.45427,0.437951,0.4553,1.05902,,,,10,1e-09,,,,,,
1,0,0.1,0.75,0.539366,0.473248,0.876255,0.481329,0.765,0.490579,0.666763,0.500995,0.598277,0.514373,0.549855,0.530166,0.539151,0.541427,2.19179,0.544447,0.862907,0.522115,0.620936,0.509605,0.531954,0.508747,0.486593,0.512847,0.46649,0.517001,0.904391,0.530956,0.494309,0.533212,0.439751,0.525966,0.418881,0.511558,0.407575,0.494705,0.400274,0.480113,0.394785,0.470145,0.390747,0.465295,0.436203,0.466085,1.06912,71.25,2.5,0.0314159,6.00462,1e-09,0,28.5,0.2,1.5,0,2
1,0,1,1,0.731816,0.368907,1.26653,0.385415,1.01344,0.404626,0.855212,0.429199,0.742368,0.467031,0.650265,0.525467,0.591862,0.614143,3.97129,0.83972,0.702671,0.678888,0.514906,0.563286,0.448003,0.536599,0.399523,0.553403,0.359081,0.578055,2.2568,0.658966,0.395936,0.648548,0.328608,0.600988,0.306452,0.540087,0.289559,0.477306,0.274554,0.419863,0.259572,0.372896,0.244739,0.342913,0.472994,0.341806,0.827447,,,,7.61054,1e-09,,,,,,
1,0,1,0.75,0.668073,0.398043,1.13743,0.411328,0.9351,0.426612,0.796869,0.445899,0.698329,0.475064,0.620164,0.518981,0.577052,0.58337,3.32208,0.737638,0.744348,0.628914,0.543023,0.546751,0.470466,0.527205,0.422631,0.53954,0.387152,0.557467,1.69068,0.615021,0.420968,0.607714,0.356214,0.573974,0.334162,0.529773,0.31832,0.482881,0.304765,0.438604,0.291496,0.401267,0.278512,0.376817,0.462126,0.375904,0.888491,71.25,2.5,0.0314159,4.89269,1e-09,0,28.5,0.2,1.5,0,2
1,0,10,1,0.615343,0.425359,1.23594,0.421436,1.01107,0.424643,0.859106,0.429836,0.746358,0.436301,0.654776,0.443998,0.604858,0.457717,3.66308,0.617434,0.718271,0.575723,0.530617,0.548312,0.461316,0.542698,0.418271,0.546456,0.401834,0.548887,1.88573,0.558101,0.407282,0.550073,0.336515,0.537964,0.313242,0.525544,0.297425,0.513916,0.283947,0.503513,0.270749,0.494384,0.258521,0.487014,0.434981,0.481297,0.81829,,,,1.73518,1e-09,,,,,,
1,0,10,0.75,0.586624,0.442903,1.11676,0.439836,0.93346,0.442345,0.799588,0.446395,0.701142,0.451422,0.623387,0.457381,0.586529,0.46794,3.12676,0.585714,0.756708,0.555779,0.555403,0.535813,0.480913,0.531693,0.437419,0.534452,0.421234,0.536234,1.47758,0.542972,0.429983,0.537104,0.362624,0.528211,0.3397,0.519038,0.324785,0.510401,0.312552,0.502632,0.30086,0.495782,0.290195,0.490228,0.433982,0.485906,0.881107,71.25,2.5,0.0314159,1.61434,1e-09,0,28.5,0.2,1.5,0,2
1,0,100,1,0.54191,0.471172,1.05851,0.471027,0.891248,0.472824,0.762018,0.475094,0.667942,0.477191,0.596546,0.478855,0.565713,0.47959,2.8505,0.523844,0.800352,0.519557,0.580572,0.517693,0.496594,0.517699,0.454878,0.518334,0.451402,0.518871,1.09217,0.515619,0.463351,0.514327,0.388968,0.511599,0.361105,0.508749,0.345259,0.506238,0.334029,0.504185,0.324901,0.502536,0.31955,0.501349,0.433263,0.500995,0.843504,,,,1.32572,1e-09,,,,,,
1,0,100,0.75,0.533295,0.47822,0.994218,0.478109,0.849198,0.479477,0.730812,0.481202,0.645133,0.482794,0.581328,0.484056,0.557824,0.484613,2.5906,0.517778,0.820678,0.514597,0.594175,0.513212,0.50824,0.513216,0.465828,0.513688,0.459632,0.514087,0.980981,0.511669,0.473656,0.510707,0.404239,0.508675,0.37793,0.506547,0.363221,0.504671,0.353047,0.503136,0.344947,0.501901,0.34019,0.501011,0.432696,0.500746,0.901392,71.25,2.5,0.0314159,1.31924,1e-09,0,28.5,0.2,1.5,0,2
1,0,1000,1,0.51469,0.496766,0.864161,0.496786,0.759899,0.497064,0.662526,0.497378,0.593614,0.497632,0.545426,0.497795,0.536992,0.497821,2.13151,0.503632,0.871003,0.502968,0.626697,0.502571,0.535601,0.502374,0.491694,0.502274,0.479271,0.502247,0.755606,0.501877,0.498351,0.501572,0.441562,0.50103,0.419125,0.500499,0.407381,0.500056,0.400149,0.499713,0.395163,0.499455,0.392788,0.499283,0.433928,0.499273,0.916803,,,,1.29863,1e-09,,,,,,
1,0,1000,0.75,0.513076,0.497572,0.853901,0.497588,0.753489,0.497796,0.658012,0.498033,0.590505,0.498223,0.543551,0.498346,0.536446,0.498365,2.08318,0.502722,0.874434,0.502224,0.629239,0.501927,0.537896,0.50178,0.493828,0.501704,0.480755,0.501684,0.744156,0.501407,0.500244,0.501178,0.444576,0.500772,0.422613,0.500374,0.411209,0.500042,0.40426,0.499785,0.399504,0.499591,0.397133,0.499462,0.433194,0.499454,0.959522,71.25,2.5,0.0314159,1.29897,1e-09,0,28.5,0.2,1.5,0,2
2,0,0.1,1,0.846493,0.304674,1.61997,0.288664,1.28986,0.290226,1.09345,0.311443,0.93143,0.355603,0.758827,0.427411,0.579051,0.541205,5.32777,0.738178,0.574546,0.617637,0.446798,0.558458,0.414958,0.589314,0.367928,0.692302,0.362374,0.848699,2.71705,1.09658,0.310264,0.850391,0.256727,0.643756,0.267887,0.534678,0.264518,0.488272,0.248676,0.467302,0.224195,0.439935,0.202971,0.389548,0.414261,0.34273,0.794213,,,,1.98586,1e-09,,,,,,
2,0,0.1,0.75,0.781622,0.331181,1.51401,0.317305,1.21367,0.319196,1.02947,0.337567,0.88125,0.374258,0.731358,0.431498,0.585397,0.519004,4.85144,0.705941,0.607527,0.606881,0.466422,0.555904,0.426092,0.577297,0.379915,0.652545,0.37186,0.76109,2.47995,0.92621,0.332103,0.762639,0.274697,0.615502,0.27857,0.53238,0.272386,0.494561,0.25706,0.476103,0.235023,0.452957,0.215625,0.411914,0.419347,0.373093,0.800165,71.25,2.5,0.0314159,1.91998,1e-09,0,28.5,0.2,1.5,0,2
2,0,1,1,0.836603,0.336369,1.62351,0.325741,1.29903,0.328551,1.10373,0.341364,0.940668,0.363602,0.764201,0.398633,0.577547,0.471162,5.29044,0.691538,0.581825,0.626498,0.454146,0.596508,0.42065,0.624852,0.371972,0.685176,0.360481,0.754811,2.68938,0.892828,0.308341,0.733473,0.252873,0.609138,0.261306,0.537731,0.259009,0.499102,0.245656,0.473841,0.223387,0.445617,0.203854,0.405732,0.432689,0.373538,0.794877,,,,2.07512,1e-09,,,,,,
2,0,1,0.75,0.774763,0.356698,1.51649,0.347406,1.22014,0.350315,1.03671,0.361609,0.887797,0.380554,0.735239,0.40952,0.584257,0.467764,4.82593,0.672218,0.613291,0.613399,0.472163,0.584076,0.430467,0.603215,0.383042,0.647501,0.370402,0.697026,2.46099,0.793879,0.330558,0.682564,0.271599,0.590507,0.273421,0.534658,0.268121,0.502765,0.254715,0.481091,0.234388,0.457338,0.216328,0.424683,0.433261,0.397973,0.800667,71.25,2.5,0.0314159,1.98435,1e-09,0,28.5,0.2,1.5,0,2
2,0,10,1,0.715013,0.381461,1.57568,0.376066,1.27037,0.380648,1.07868,0.388563,0.917673,0.398287,0.748753,0.40907,0.58697,0.434678,4.91371,0.662448,0.627297,0.62016,0.482983,0.594937,0.432031,0.600546,0.383392,0.616905,0.367241,0.626915,2.46189,0.664503,0.330033,0.611167,0.268945,0.567024,0.262317,0.533921,0.25564,0.508698,0.244855,0.488178,0.228805,0.469112,0.214426,0.449786,0.442507,0.435761,0.798112,,,,2.04722,1e-09,,,,,,
2,0,10,0.75,0.688675,0.391991,1.48286,0.386929,1.19989,0.3912,1.01902,0.398494,0.871471,0.407468,0.724064,0.417536,0.591392,0.440327,4.56582,0.650896,0.648899,0.608739,0.494475,0.582922,0.439173,0.58553,0.391829,0.598484,0.375599,0.606425,2.30315,0.636138,0.34785,0.595285,0.284445,0.559615,0.274214,0.531814,0.265501,0.509998,0.254092,0.491968,0.238639,0.475306,0.224689,0.458817,0.440614,0.446724,0.80311,71.25,2.5,0.0314159,1.96431,1e-09,0,28.5,0.2,1.5,0,2
2,0,100,1,0.633477,0.41515,1.37751,0.411576,1.11323,0.415686,0.938887,0.421881,0.801186,0.429273,0.678984,0.437495,0.596296,0.452121,4.0657,0.63103,0.68986,0.588,0.514402,0.560127,0.448278,0.555621,0.404617,0.560772,0.388995,0.563847,1.98314,0.57801,0.384228,0.562052,0.316029,0.54359,0.295189,0.526421,0.280899,0.51125,0.268161,0.498074,0.25505,0.48647,0.243563,0.476738,0.438958,0.469651,0.816455,,,,1.78396,1e-09,,,,,,
2,0,100,0.75,0.628894,0.417679,1.34066,0.414019,1.08676,0.417907,0.918273,0.423856,0.787112,0.43102,0.67285,0.439111,0.598425,0.453514,3.96107,0.627603,0.696856,0.584906,0.518409,0.557149,0.451503,0.552362,0.407988,0.557158,0.392165,0.560069,1.95832,0.572967,0.389866,0.559033,0.321031,0.542178,0.299603,0.526201,0.284942,0.511915,0.272023,0.499428,0.258887,0.488436,0.247219,0.479286,0.43796,0.472536,0.816913,71.25,2.5,0.0314159,1.77164,1e-09,0,28.5,0.2,1.5,0,2
2,0,1000,1,0.61728,0.424096,1.26037,0.420271,1.02694,0.423646,0.870307,0.428997,0.75324,0.435594,0.657224,0.443357,0.6032,0.457157,3.73237,0.619001,0.71475,0.577168,0.528429,0.549698,0.4594,0.544182,0.416251,0.548061,0.399833,0.550538,1.88117,0.560565,0.403979,0.55155,0.333715,0.538642,0.310739,0.525613,0.295109,0.513524,0.281737,0.502759,0.268592,0.493312,0.256517,0.485655,0.435476,0.479777,0.823518,,,,1.73917,1e-09,,,,,,
2,0,1000,0.75,0.616795,0.424411,1.25422,0.420562,1.02295,0.423895,0.867493,0.429207,0.751514,0.435771,0.656611,0.443517,0.603614,0.457297,3.71493,0.618609,0.715628,0.576806,0.528975,0.549351,0.459878,0.543811,0.416755,0.547659,0.400332,0.550124,1.88231,0.559948,0.404802,0.551181,0.334413,0.538472,0.311363,0.525595,0.295686,0.513622,0.282288,0.502947,0.269129,0.49358,0.257017,0.485994,0.435352,0.480157,0.822208,71.25,2.5,0.0314159,1.73817,1e-09,0,28.5,0.2,1.5,0,2
3,0,0.1,1,0.889921,0.361208,1.66711,0.267792,1.29817,0.228664,1.09416,0.221954,0.921018,0.242413,0.738549,0.298451,0.650831,0.429516,5.19465,0.776043,0.539442,0.688844,0.378147,0.61578,0.356254,0.62301,0.337068,0.721614,0.416775,0.973535,2.62987,1.62952,0.354252,0.935349,0.256418,0.600041,0.261368,0.491169,0.257768,0.477003,0.238488,0.499954,0.210907,0.513408,0.192792,0.474913,0.406627,0.415928,0.803993,,,,1.38521,1e-09,,,,,,
3,0,0.1,0.75,0.878859,0.34616,1.6552,0.272864,1.29609,0.242707,1.09398,0.241569,0.92361,0.266783,0.743567,0.326487,0.632092,0.455066,5.22761,0.766399,0.548011,0.670307,0.394251,0.60092,0.370101,0.61441,0.344531,0.714171,0.402453,0.940702,2.6514,1.47589,0.342703,0.913345,0.256495,0.610683,0.262983,0.501703,0.259439,0.479795,0.240995,0.491583,0.214153,0.493962,0.195288,0.451961,0.408522,0.396279,0.801537,71.25,2.5,0.0314159,1.51573,1e-09,0,28.5,0.2,1.5,0,2
3,0,1,1,0.915576,0.332674,1.70903,0.270054,1.32193,0.255092,1.11348,0.264837,0.937161,0.294218,0.747073,0.347242,0.63601,0.454622,5.27384,0.747905,0.560869,0.646911,0.398303,0.586752,0.371207,0.611377,0.342348,0.713981,0.403322,0.920135,2.68733,1.41177,0.343288,0.879623,0.252547,0.609746,0.261775,0.51081,0.261042,0.487278,0.243539,0.492685,0.216273,0.488328,0.196819,0.441405,0.407643,0.383298,0.804361,,,,1.52806,1e-09,,,,,,
3,0,1,0.75,0.897793,0.325442,1.68632,0.274591,1.31383,0.263455,1.10844,0.27579,0.935725,0.308492,0.749994,0.365751,0.621265,0.474874,5.28727,0.745461,0.564258,0.639465,0.40991,0.579547,0.381692,0.605785,0.348571,0.708499,0.392671,0.901731,2.69473,1.32536,0.334717,0.872222,0.253586,0.618076,0.26329,0.516675,0.261907,0.487527,0.244813,0.486212,0.218227,0.475752,0.198339,0.427827,0.409288,0.372726,0.801812,71.25,2.5,0.0314159,1.63152,1e-09,0,28.5,0.2,1.5,0,2
3,0,10,1,0.869485,0.310703,1.72064,0.283229,1.32898,0.283913,1.11743,0.304244,0.939081,0.345941,0.746418,0.412419,0.595085,0.519601,5.29216,0.740886,0.575427,0.621591,0.429081,0.56301,0.396807,0.593646,0.354043,0.695846,0.372402,0.856897,2.71464,1.15612,0.319404,0.845016,0.252287,0.633174,0.264195,0.529609,0.262866,0.488598,0.246808,0.473112,0.220985,0.45059,0.200016,0.400302,0.408655,0.350739,0.804576,,,,1.77158,1e-09,,,,,,
3,0,10,0.75,0.863679,0.309185,1.6949,0.284578,1.31909,0.285478,1.11139,0.306028,0.937162,0.348332,0.749501,0.416117,0.591036,0.52492,5.30104,0.740208,0.575207,0.6206,0.433444,0.561868,0.401269,0.59256,0.357464,0.694959,0.369869,0.85484,2.71524,1.14094,0.317094,0.846356,0.25339,0.635803,0.265113,0.530872,0.263278,0.488517,0.247273,0.471653,0.221783,0.447902,0.200751,0.397586,0.41005,0.348719,0.801973,71.25,2.5,0.0314159,1.82288,1e-09,0,28.5,0.2,1.5,0,2
3,0,100,1,0.846017,0.306351,1.68257,0.288334,1.31134,0.289953,1.10256,0.311202,0.931261,0.355278,0.751903,0.426743,0.578129,0.540149,5.28049,0.740113,0.573429,0.618774,0.442998,0.559243,0.411069,0.589824,0.364757,0.692365,0.362688,0.848684,2.71452,1.10153,0.311185,0.847907,0.255805,0.641348,0.267086,0.533142,0.26403,0.487394,0.248203,0.467028,0.223549,0.440227,0.202375,0.389945,0.413892,0.342962,0.805335,,,,1.91652,1e-09,,,,,,
3,0,100,0.75,0.846136,0.305931,1.6667,0.288416,1.30593,0.290021,1.10028,0.311262,0.931303,0.355359,0.753628,0.42691,0.578359,0.540413,5.29227,0.739629,0.573708,0.61849,0.443945,0.559047,0.412038,0.589697,0.365547,0.692349,0.362609,0.848688,2.71516,1.10029,0.310954,0.848527,0.256035,0.641949,0.267286,0.533526,0.264152,0.487614,0.248321,0.467096,0.223711,0.440154,0.202524,0.389846,0.413985,0.342904,0.80254,71.25,2.5,0.0314159,1.93362,1e-09,0,28.5,0.2,1.5,0,2
3,0,1000,1,0.845938,0.304936,1.6344,0.288626,1.29463,0.290204,1.09518,0.311433,0.931352,0.355593,0.757731,0.427376,0.578654,0.541149,5.30415,0.738448,0.574213,0.617786,0.446263,0.558554,0.414432,0.589375,0.367501,0.69231,0.362323,0.848691,2.71658,1.09692,0.31033,0.85004,0.256604,0.643457,0.267773,0.534483,0.264436,0.488149,0.2486,0.46724,0.224106,0.439932,0.20289,0.38956,0.414163,0.342729,0.80269,,,,1.97637,1e-09,,,,,,
3,0,1000,0.75,0.846076,0.304871,1.63078,0.288636,1.29343,0.290209,1.09475,0.311436,0.931371,0.355596,0.758005,0.427385,0.578753,0.541163,5.31004,0.738381,0.574297,0.617749,0.446397,0.55853,0.414563,0.58936,0.367608,0.692308,0.362336,0.848693,2.7167,1.09683,0.310314,0.850128,0.256634,0.643532,0.267801,0.534532,0.264457,0.48818,0.248619,0.467256,0.224128,0.439933,0.20291,0.389557,0.414187,0.342729,0.800562,71.25,2.5,0.0314159,1.97874,1e-09,0,28.5,0.2,1.5,0,2
4,0,0.1,1,0.891537,0.365723,1.64453,0.263591,1.27386,0.222343,1.07359,0.213813,0.902924,0.232033,0.728717,0.285765,0.650083,0.413471,5.09865,0.782802,0.521835,0.718649,0.371925,0.623129,0.348864,0.607243,0.33111,0.693522,0.398738,0.966053,2.64103,1.82018,0.334879,0.967632,0.261859,0.599807,0.265215,0.483197,0.256109,0.466139,0.23425,0.49207,0.20644,0.516343,0.190768,0.489867,0.404337,0.433958,0.806774,,,,1.38376,1e-09,,,,,,
4,0,0.1,0.75,0.891133,0.364589,1.65014,0.264635,1.27989,0.223906,1.0787,0.21582,0.907414,0.234586,0.731162,0.288885,0.65027,0.417425,5.12248,0.781107,0.526182,0.711079,0.373471,0.621283,0.350697,0.611147,0.33259,0.700441,0.403172,0.967918,2.63824,1.77052,0.339621,0.959459,0.260488,0.599866,0.264248,0.485178,0.256523,0.468832,0.235302,0.494029,0.207548,0.515607,0.191272,0.486085,0.404908,0.429378,0.806078,71.25,2.5,0.0314159,1.38413,1e-09,0,28.5,0.2,1.5,0,2
4,0,1,1,0.903023,0.361817,1.66899,0.264365,1.29218,0.225486,1.08909,0.218477,0.916003,0.237805,0.738472,0.291851,0.655969,0.417782,5.16958,0.777109,0.53124,0.70584,0.377615,0.619465,0.353974,0.614311,0.335363,0.705142,0.40386,0.966198,2.67321,1.77308,0.339758,0.95208,0.2628,0.598486,0.267018,0.486869,0.259235,0.471496,0.237761,0.49596,0.209729,0.515467,0.193452,0.484017,0.40786,0.426594,0.806238,,,,1.39474,1e-09,,,,,,
4,0,1,0.75,0.89973,0.361665,1.66852,0.265218,1.29368,0.226276,1.09036,0.219341,0.917254,0.238948,0.738491,0.293487,0.654681,0.420685,5.17584,0.776842,0.533278,0.701552,0.377748,0.618541,0.354543,0.616474,0.335788,0.709224,0.407051,0.968027,2.66231,1.73605,0.343325,0.947869,0.26119,0.598875,0.265594,0.487941,0.258868,0.472866,0.237942,0.496955,0.210023,0.514951,0.193287,0.481725,0.407551,0.423902,0.805676,71.25,2.5,0.0314159,1.39235,1e-09,0,28.5,0.2,1.5,0,2
4,0,10,1,0.89653,0.360098,1.67261,0.266597,1.29625,0.227915,1.0926,0.221225,0.919275,0.241454,0.739779,0.297009,0.653809,0.425754,5.17691,0.775159,0.537498,0.692253,0.379044,0.616492,0.355821,0.622082,0.336458,0.719362,0.409517,0.970553,2.66196,1.67942,0.346317,0.936776,0.258289,0.599125,0.263438,0.490348,0.258617,0.475973,0.238524,0.499067,0.21071,0.513603,0.1934,0.476656,0.406482,0.418205,0.805339,,,,1.40369,1e-09,,,,,,
4,0,10,0.75,0.894873,0.360376,1.67123,0.266895,1.29673,0.228102,1.09299,0.221407,0.91971,0.241693,0.739471,0.297369,0.653063,0.426691,5.18134,0.77538,0.537983,0.691399,0.378819,0.616313,0.355929,0.622314,0.33661,0.719924,0.41132,0.971297,2.6539,1.6668,0.348284,0.936419,0.25782,0.599354,0.262919,0.490553,0.258405,0.47623,0.238515,0.499289,0.210759,0.513555,0.193248,0.476219,0.406518,0.417634,0.805003,71.25,2.5,0.0314159,1.39905,1e-09,0,28.5,0.2,1.5,0,2
4,0,100,1,0.891174,0.360925,1.66954,0.267593,1.29708,0.228535,1.09343,0.221827,0.920629,0.242249,0.739239,0.298213,0.651977,0.428893,5.16901,0.775902,0.53926,0.689253,0.378387,0.615912,0.356252,0.623024,0.337025,0.721569,0.415604,0.973348,2.64264,1.63686,0.352919,0.935474,0.256643,0.599956,0.261633,0.491096,0.257886,0.476901,0.238491,0.499863,0.210876,0.513436,0.1929,0.475129,0.406551,0.416219,0.805005,,,,1.39284,1e-09,,,,,,
4,0,100,0.75,0.890861,0.360996,1.66893,0.267643,1.29736,0.228567,1.09361,0.221858,0.920726,0.24229,0.739066,0.298272,0.65169,0.429049,5.17541,0.775938,0.539305,0.689151,0.378327,0.615879,0.356253,0.623021,0.337036,0.72158,0.415897,0.973394,2.63944,1.63502,0.353252,0.935442,0.256587,0.599978,0.261567,0.491114,0.257857,0.476926,0.23849,0.499886,0.210884,0.513429,0.192873,0.475075,0.40657,0.416146,0.804752,71.25,2.5,0.0314159,1.39093,1e-09,0,28.5,0.2,1.5,0,2
4,0,1000,1,0.890081,0.361168,1.66798,0.267763,1.29824,0.228645,1.09421,0.221936,0.921079,0.24239,0.738698,0.298418,0.650993,0.429435,5.1825,0.776056,0.539389,0.688896,0.378165,0.615799,0.356253,0.623018,0.337069,0.72162,0.416669,0.973536,2.63335,1.63017,0.354129,0.93535,0.256449,0.600038,0.261401,0.49117,0.257785,0.477002,0.23849,0.499958,0.210905,0.513426,0.192805,0.474951,0.406606,0.41597,0.804506,,,,1.3865,1e-09,,,,,,
4,0,1000,0.75,0.890041,0.361178,1.66776,0.267771,1.29822,0.22865,1.0942,0.22194,0.921064,0.242396,0.73866,0.298426,0.650952,0.429455,5.18553,0.776053,0.539402,0.688883,0.378161,0.615794,0.356254,0.623016,0.337069,0.721619,0.416695,0.973536,2.63248,1.63001,0.35416,0.93535,0.256441,0.600038,0.261393,0.49117,0.257781,0.477002,0.23849,0.499957,0.210905,0.513422,0.192802,0.474942,0.406611,0.415959,0.804378,71.25,2.5,0.0314159,1.38618,1e-09,0,28.5,0.2,1.5,0,2
