iteration,_is_super,_lambda,_scale_factor,in_inst:0_usecol:1_direct_idx0:30,out_inst:0_usecol:2_direct_idx0:30,in_inst:0_usecol:1_direct_idx0:31,out_inst:0_usecol:2_direct_idx0:31,in_inst:0_usecol:1_direct_idx0:32,out_inst:0_usecol:2_direct_idx0:32,in_inst:0_usecol:1_direct_idx0:33,out_inst:0_usecol:2_direct_idx0:33,in_inst:0_usecol:1_direct_idx0:34,out_inst:0_usecol:2_direct_idx0:34,in_inst:0_usecol:1_direct_idx0:35,out_inst:0_usecol:2_direct_idx0:35,in_inst:0_usecol:1_direct_idx0:36,out_inst:0_usecol:2_direct_idx0:36,in_inst:0_usecol:1_direct_idx0:37,out_inst:0_usecol:2_direct_idx0:37,in_inst:0_usecol:1_direct_idx0:38,out_inst:0_usecol:2_direct_idx0:38,in_inst:0_usecol:1_direct_idx0:39,out_inst:0_usecol:2_direct_idx0:39,in_inst:0_usecol:1_direct_idx0:40,out_inst:0_usecol:2_direct_idx0:40,in_inst:0_usecol:1_direct_idx0:41,out_inst:0_usecol:2_direct_idx0:41,in_inst:0_usecol:1_direct_idx0:42,out_inst:0_usecol:2_direct_idx0:42,in_inst:0_usecol:1_direct_idx0:43,out_inst:0_usecol:2_direct_idx0:43,in_inst:0_usecol:1_direct_idx0:44,out_inst:0_usecol:2_direct_idx0:44,in_inst:0_usecol:1_direct_idx0:45,out_inst:0_usecol:2_direct_idx0:45,in_inst:0_usecol:1_direct_idx0:46,out_inst:0_usecol:2_direct_idx0:46,in_inst:0_usecol:1_direct_idx0:47,out_inst:0_usecol:2_direct_idx0:47,in_inst:0_usecol:1_direct_idx0:48,out_inst:0_usecol:2_direct_idx0:48,in_inst:0_usecol:1_direct_idx0:49,out_inst:0_usecol:2_direct_idx0:49,in_inst:0_usecol:1_direct_idx0:50,out_inst:0_usecol:2_direct_idx0:50,in_inst:0_usecol:1_direct_idx0:51,out_inst:0_usecol:2_direct_idx0:51,in_inst:0_usecol:1_direct_idx0:52,out_inst:0_usecol:2_direct_idx0:52,in_inst:0_usecol:1_direct_idx0:53,out_inst:0_usecol:2_direct_idx0:53,in_inst:0_usecol:1_direct_idx0:54,out_inst:0_usecol:2_direct_idx0:54,in_inst:0_usecol:1_direct_idx0:55,out_inst:0_usecol:2_direct_idx0:55,in_inst:0_usecol:1_direct_idx0:56,out_inst:0_usecol:2_direct_idx0:56,in_inst:0_usecol:1_direct_idx0:57,out_inst:0_usecol:2_direct_idx0:57,in_inst:0_usecol:1_direct_idx0:58,out_inst:0_usecol:2_direct_idx0:58,in_inst:0_usecol:1_direct_idx0:59,out_inst:0_usecol:2_direct_idx0:59,in_inst:0_usecol:1_direct_idx0:60,out_inst:0_usecol:2_direct_idx0:60,in_inst:0_usecol:1_direct_idx0:61,out_inst:0_usecol:2_direct_idx0:61,in_inst:0_usecol:1_direct_idx0:62,out_inst:0_usecol:2_direct_idx0:62,in_inst:0_usecol:1_direct_idx0:63,out_inst:0_usecol:2_direct_idx0:63,in_inst:0_usecol:1_direct_idx0:64,out_inst:0_usecol:2_direct_idx0:64,in_inst:0_usecol:1_direct_idx0:65,out_inst:0_usecol:2_direct_idx0:65,in_inst:0_usecol:1_direct_idx0:66,out_inst:0_usecol:2_direct_idx0:66,in_inst:0_usecol:1_direct_idx0:67,out_inst:0_usecol:2_direct_idx0:67,in_inst:0_usecol:1_direct_idx0:68,out_inst:0_usecol:2_direct_idx0:68,in_inst:0_usecol:1_direct_idx0:69,out_inst:0_usecol:2_direct_idx0:69,in_inst:0_usecol:1_direct_idx0:70,out_inst:0_usecol:2_direct_idx0:70,in_inst:0_usecol:1_direct_idx0:71,out_inst:0_usecol:2_direct_idx0:71,in_inst:0_usecol:1_direct_idx0:72,out_inst:0_usecol:2_direct_idx0:72,in_inst:0_usecol:1_direct_idx0:73,out_inst:0_usecol:2_direct_idx0:73,in_inst:0_usecol:1_direct_idx0:74,out_inst:0_usecol:2_direct_idx0:74,in_inst:0_usecol:1_direct_idx0:75,out_inst:0_usecol:2_direct_idx0:75,in_inst:0_usecol:1_direct_idx0:76,out_inst:0_usecol:2_direct_idx0:76,in_inst:0_usecol:1_direct_idx0:77,out_inst:0_usecol:2_direct_idx0:77,in_inst:0_usecol:1_direct_idx0:78,out_inst:0_usecol:2_direct_idx0:78,in_inst:0_usecol:1_direct_idx0:79,out_inst:0_usecol:2_direct_idx0:79,in_inst:0_usecol:1_direct_idx0:80,out_inst:0_usecol:2_direct_idx0:80,in_inst:0_usecol:1_direct_idx0:81,out_inst:0_usecol:2_direct_idx0:81,in_inst:0_usecol:1_direct_idx0:82,out_inst:0_usecol:2_direct_idx0:82,in_inst:0_usecol:1_direct_idx0:83,out_inst:0_usecol:2_direct_idx0:83,in_inst:0_usecol:1_direct_idx0:84,out_inst:0_usecol:2_direct_idx0:84,tot_inst:0_usecol:1_direct,p_inst:0_usecol:1_direct_idx0:boreholedepth[l],p_inst:0_usecol:1_direct_idx0:spatialdiscretizationofgrid[l],p_inst:0_usecol:1_direct_idx0:constantboreholecross-sectionalarea[l^2],p_inst:0_usecol:1_direct_idx0:dispersivity[l^-1],p_inst:0_usecol:1_direct_idx0:diffusioncoefficient[l^2/t],p_inst:0_usecol:1_direct_idx0:tracerconcentrationofwaterinflow[m/l^3],p_inst:0_usecol:1_direct_idx0:watertemperature[celsius](onlyreadifaboveisfec),p_inst:0_usecol:1_direct_idx0:alphamin,p_inst:0_usecol:1_direct_idx0:alphamax,p_inst:0_usecol:1_direct_idx0:flowmin,p_inst:0_usecol:1_direct_idx0:flowmax
0,0,0.1,1,0.226623,0.274786,0.40302,0.274802,0.641948,0.278149,0.738374,0.345331,0.663352,0.384408,0.567988,0.39681,0.50486,0.409015,0.474127,0.418988,0.462642,0.426135,0.460405,0.432429,0.462125,0.43813,0.4661,0.444565,0.472435,0.450949,0.480987,0.457453,0.490545,0.462476,0.499277,0.466966,0.5053,0.47229,0.507588,0.47843,0.506417,0.485227,0.503129,0.492407,0.499379,0.50037,0.496506,0.509403,0.495234,0.518836,0.495557,0.528715,0.496951,0.539682,0.4987,0.551486,0.500125,0.563988,0.500848,0.576793,0.500875,0.589663,0.500546,0.602119,0.500373,0.613769,0.500813,0.625245,0.502025,0.637083,0.503748,0.646809,0.505368,0.654322,0.506088,0.661848,0.505279,0.665246,0.502684,0.667829,0.498562,0.674494,0.493567,0.68141,0.488589,0.684734,0.48459,0.692451,0.482613,0.707939,0.483476,0.724191,0.486477,0.74405,0.488345,0.766671,0.482072,0.783497,0.459853,0.774476,0.422701,0.755567,0.391208,0.688438,0.403648,0.66538,0.52032,0.673683,0.762443,0.49672,0.812044,0.25651,0.386519,0.274108,1.20281,,,,0.55,1e-09,,,,,,
0,0,0.1,0.75,0.276198,0.319145,0.425341,0.319159,0.60307,0.32207,0.669807,0.378808,0.618088,0.410523,0.55017,0.420416,0.50364,0.430078,0.480467,0.437919,0.471711,0.44351,0.469999,0.448413,0.471316,0.45284,0.474353,0.457819,0.47918,0.462741,0.485672,0.467738,0.492892,0.471585,0.499458,0.475014,0.50397,0.47907,0.50568,0.483733,0.504805,0.488879,0.502345,0.494295,0.499534,0.500277,0.497377,0.507036,0.496421,0.514061,0.496664,0.521385,0.497712,0.529475,0.499025,0.538138,0.500093,0.547262,0.500636,0.556554,0.500656,0.565842,0.50041,0.574783,0.50028,0.583104,0.50061,0.591262,0.501518,0.599639,0.502808,0.606491,0.504021,0.611767,0.504559,0.617037,0.503954,0.619412,0.502012,0.621214,0.498921,0.625858,0.495167,0.630666,0.491417,0.632971,0.488397,0.638314,0.486902,0.648992,0.487555,0.660134,0.489823,0.673665,0.491233,0.688968,0.486493,0.700278,0.469577,0.694222,0.440826,0.681471,0.415957,0.635537,0.425838,0.619505,0.515164,0.625294,0.686117,0.497538,0.719329,0.303089,0.412212,0.318554,1.71747,88.21,1,0.0135,0.55,1e-09,0,27.7,0.2,0.6,1,4
0,0,1,1,0.407089,0.48684,0.434156,0.486778,0.488996,0.478497,0.530528,0.490145,0.54274,0.499387,0.5351,0.503099,0.519459,0.505148,0.503412,0.506194,0.490225,0.50674,0.481008,0.507209,0.475768,0.507671,0.474066,0.508267,0.47527,0.508872,0.478539,0.509488,0.48292,0.509926,0.487549,0.510308,0.491741,0.510792,0.495057,0.511379,0.49735,0.512046,0.498724,0.51276,0.499435,0.513561,0.499766,0.514478,0.499956,0.515434,0.500167,0.51643,0.500476,0.517524,0.500902,0.518678,0.501426,0.519868,0.502017,0.521048,0.50265,0.522194,0.503303,0.523267,0.503945,0.52424,0.504524,0.525184,0.50495,0.526161,0.505093,0.52697,0.504784,0.527621,0.503849,0.528313,0.502143,0.5287,0.499593,0.529057,0.496218,0.529783,0.492051,0.530542,0.48717,0.531008,0.481753,0.531831,0.476016,0.533273,0.470153,0.534751,0.464421,0.53648,0.459052,0.538381,0.454298,0.539836,0.450779,0.539511,0.450327,0.538626,0.457158,0.534575,0.477723,0.534264,0.518538,0.53439,0.572312,0.509828,0.597291,0.463069,0.546217,0.470515,1.22142,,,,0.55,1e-09,,,,,,
0,0,1,0.75,0.428558,0.490097,0.449756,0.49005,0.491724,0.483785,0.522726,0.49259,0.531724,0.49954,0.526101,0.502322,0.514524,0.503856,0.502557,0.504638,0.492651,0.505047,0.485687,0.505397,0.481713,0.505743,0.480421,0.506188,0.481335,0.506639,0.483817,0.507099,0.487134,0.507426,0.490632,0.507711,0.493793,0.508073,0.496288,0.50851,0.498011,0.509007,0.499043,0.509539,0.499576,0.510137,0.499824,0.51082,0.499967,0.511531,0.500126,0.512273,0.500357,0.513086,0.500676,0.513944,0.501069,0.514828,0.501512,0.515704,0.501986,0.516555,0.502475,0.51735,0.502956,0.518072,0.503389,0.518772,0.503708,0.519495,0.503815,0.520094,0.503584,0.520576,0.502884,0.521088,0.501606,0.521374,0.499695,0.521638,0.497161,0.522175,0.494027,0.522736,0.490346,0.52308,0.486251,0.523688,0.481902,0.524753,0.477444,0.525843,0.473071,0.527118,0.468964,0.528518,0.465316,0.529589,0.462611,0.52935,0.462263,0.528698,0.467511,0.525713,0.483197,0.525484,0.51384,0.525577,0.553308,0.507353,0.571323,0.472038,0.534277,0.477719,1.73737,88.21,1,0.0135,0.55,1e-09,0,27.7,0.2,0.6,1,4
0,0,10,1,0.472683,0.500295,0.474643,0.500282,0.482752,0.498418,0.489955,0.499155,0.49372,0.499992,0.494618,0.500314,0.493839,0.500445,0.492345,0.500452,0.490737,0.500407,0.489373,0.500364,0.48843,0.500337,0.487974,0.50034,0.487996,0.500356,0.488428,0.500383,0.48916,0.500399,0.490085,0.500415,0.491113,0.500448,0.492175,0.500494,0.493233,0.50055,0.494271,0.500611,0.495291,0.500682,0.496298,0.500767,0.497282,0.500856,0.498227,0.50095,0.499114,0.501055,0.499905,0.501165,0.500561,0.501279,0.50104,0.501391,0.501308,0.5015,0.501333,0.501605,0.501092,0.501704,0.500566,0.501805,0.499745,0.501915,0.498611,0.502011,0.497163,0.502093,0.495424,0.502183,0.493406,0.502242,0.491175,0.502301,0.488824,0.5024,0.486424,0.502508,0.484071,0.502591,0.481911,0.50272,0.480086,0.502928,0.478722,0.503162,0.477967,0.503452,0.477965,0.503802,0.478853,0.504163,0.480801,0.504404,0.484085,0.504602,0.489147,0.50444,0.496443,0.50447,0.506167,0.504172,0.516781,0.50086,0.523384,0.49468,0.52058,0.495196,1.25779,,,,0.55,1e-09,,,,,,
0,0,10,0.75,0.479369,0.500222,0.480859,0.500211,0.487008,0.498813,0.492447,0.499366,0.495282,0.499994,0.495958,0.500235,0.495372,0.500334,0.494248,0.500339,0.493037,0.500305,0.492008,0.500273,0.491297,0.500253,0.490953,0.500255,0.49097,0.500267,0.491295,0.500287,0.491848,0.500299,0.492546,0.500312,0.49332,0.500336,0.49412,0.50037,0.494916,0.500412,0.495697,0.500458,0.496464,0.500512,0.497221,0.500575,0.49796,0.500642,0.49867,0.500712,0.499335,0.500791,0.499929,0.500874,0.500421,0.500959,0.50078,0.501043,0.50098,0.501125,0.501,0.501203,0.500819,0.501278,0.500425,0.501353,0.499809,0.501435,0.498958,0.501507,0.497871,0.501569,0.496564,0.501636,0.495046,0.501681,0.493367,0.501724,0.491594,0.501799,0.489783,0.501879,0.488005,0.501942,0.486371,0.502039,0.484989,0.502195,0.483955,0.502369,0.483383,0.502586,0.483381,0.502849,0.484055,0.503119,0.48553,0.5033,0.488016,0.503447,0.491838,0.503327,0.49733,0.503349,0.504618,0.503126,0.512534,0.500645,0.517438,0.496004,0.515357,0.496393,1.77602,88.21,1,0.0135,0.55,1e-09,0,27.7,0.2,0.6,1,4
0,0,100,1,0.494562,0.499343,0.493236,0.49934,0.493317,0.498988,0.493527,0.498861,0.493554,0.498765,0.493413,0.498656,0.493184,0.498559,0.492938,0.498477,0.492722,0.498408,0.492563,0.498354,0.492475,0.498313,0.492461,0.498282,0.492518,0.498258,0.492637,0.49824,0.492803,0.498224,0.493003,0.498211,0.493227,0.498203,0.493463,0.498197,0.493705,0.498193,0.493946,0.498191,0.494183,0.49819,0.494413,0.49819,0.49463,0.498192,0.494831,0.498195,0.49501,0.4982,0.495162,0.498206,0.495281,0.498214,0.495361,0.498224,0.495398,0.498236,0.49539,0.49825,0.495335,0.498267,0.495235,0.498286,0.495091,0.498309,0.494904,0.498334,0.49468,0.498361,0.494426,0.498392,0.494148,0.498423,0.493862,0.498458,0.493584,0.498499,0.493328,0.498545,0.493113,0.498594,0.492961,0.498651,0.492896,0.498723,0.492938,0.498805,0.493112,0.498903,0.49344,0.499022,0.493943,0.499159,0.494644,0.499306,0.495576,0.499472,0.496771,0.499624,0.498247,0.499808,0.499996,0.49997,0.501847,0.499849,0.503281,0.499464,0.503659,0.499768,1.5239,,,,0.55,1e-09,,,,,,
0,0,100,0.75,0.495916,0.499507,0.494918,0.499505,0.494979,0.499241,0.495137,0.499145,0.495158,0.499074,0.495052,0.498991,0.494879,0.498919,0.494694,0.498857,0.494531,0.498806,0.494412,0.498765,0.494346,0.498734,0.494335,0.498711,0.494378,0.498693,0.494467,0.498679,0.494592,0.498668,0.494743,0.498658,0.494912,0.498651,0.49509,0.498647,0.495271,0.498644,0.495452,0.498642,0.495631,0.498642,0.495804,0.498642,0.495967,0.498644,0.496118,0.498646,0.496253,0.498649,0.496367,0.498654,0.496456,0.49866,0.496516,0.498668,0.496544,0.498676,0.496538,0.498687,0.496497,0.498699,0.496422,0.498714,0.496314,0.498731,0.496173,0.49875,0.496005,0.498771,0.495813,0.498794,0.495605,0.498817,0.495389,0.498843,0.49518,0.498874,0.494988,0.498909,0.494826,0.498945,0.494712,0.498988,0.494662,0.499042,0.494694,0.499103,0.494825,0.499177,0.495072,0.499266,0.49545,0.499369,0.495978,0.49948,0.496678,0.499604,0.497576,0.499718,0.498685,0.499856,0.499997,0.499978,0.501385,0.499887,0.502458,0.499598,0.502742,0.499826,2.05097,88.21,1,0.0135,0.55,1e-09,0,27.7,0.2,0.6,1,4
0,0,1000,1,0.499548,0.499415,0.498441,0.499414,0.497952,0.499279,0.497615,0.499143,0.497365,0.499025,0.497172,0.498928,0.497017,0.498853,0.496891,0.498796,0.49679,0.498752,0.496709,0.498718,0.496645,0.498691,0.496597,0.49867,0.496563,0.498652,0.496541,0.498638,0.49653,0.498626,0.496526,0.498616,0.496529,0.498607,0.496538,0.4986,0.49655,0.498594,0.496566,0.498588,0.496585,0.498583,0.496606,0.498578,0.496628,0.498574,0.496652,0.49857,0.496676,0.498567,0.4967,0.498564,0.496725,0.498563,0.496749,0.498563,0.496772,0.498565,0.496794,0.498568,0.496816,0.498574,0.496837,0.498581,0.496857,0.498591,0.496878,0.498603,0.496899,0.498618,0.496921,0.498635,0.496946,0.498654,0.496974,0.498676,0.497007,0.4987,0.497046,0.498727,0.497093,0.498757,0.497152,0.49879,0.497223,0.498827,0.497312,0.49887,0.497422,0.49892,0.497558,0.498981,0.497724,0.499054,0.497926,0.499143,0.498172,0.499252,0.498468,0.499382,0.498812,0.499536,0.499207,0.499713,0.499643,0.499894,0.500069,0.500084,0.50038,0.500344,5,,,,0.55,1e-09,,,,,,
0,0,1000,0.75,0.499661,0.499561,0.498831,0.49956,0.498463,0.499459,0.49821,0.499357,0.498022,0.499268,0.497877,0.499196,0.497761,0.49914,0.497667,0.499097,0.49759,0.499064,0.497529,0.499038,0.497482,0.499018,0.497446,0.499002,0.49742,0.498989,0.497404,0.498978,0.497395,0.498969,0.497392,0.498961,0.497395,0.498955,0.497401,0.498949,0.497411,0.498945,0.497423,0.498941,0.497437,0.498937,0.497452,0.498933,0.497469,0.49893,0.497487,0.498927,0.497505,0.498925,0.497523,0.498923,0.497542,0.498922,0.49756,0.498922,0.497577,0.498923,0.497594,0.498926,0.49761,0.49893,0.497626,0.498936,0.497641,0.498943,0.497657,0.498952,0.497672,0.498963,0.497689,0.498976,0.497708,0.49899,0.497729,0.499007,0.497753,0.499025,0.497783,0.499045,0.497818,0.499067,0.497862,0.499092,0.497916,0.49912,0.497983,0.499152,0.498065,0.49919,0.498167,0.499235,0.498292,0.49929,0.498444,0.499357,0.498629,0.499439,0.49885,0.499536,0.499109,0.499652,0.499405,0.499784,0.499732,0.49992,0.500052,0.500063,0.500285,0.500258,5,88.21,1,0.0135,0.55,1e-09,0,27.7,0.2,0.6,1,4
1,0,0.1,1,0.224325,0.271975,0.413366,0.271945,0.684658,0.275257,0.740095,0.341764,0.661701,0.380469,0.56715,0.392791,0.504472,0.404941,0.473982,0.414901,0.462536,0.422054,0.460577,0.428373,0.462752,0.434135,0.467144,0.44064,0.473249,0.447092,0.481031,0.453644,0.489845,0.458723,0.498624,0.463287,0.505338,0.468706,0.508246,0.474964,0.507044,0.4819,0.503485,0.489238,0.499635,0.497385,0.496621,0.506631,0.49513,0.516304,0.495333,0.52646,0.496892,0.537746,0.499048,0.549924,0.50085,0.56286,0.501723,0.576168,0.501629,0.58963,0.500994,0.602799,0.500335,0.615379,0.500271,0.628131,0.501265,0.641729,0.503223,0.653841,0.505383,0.664514,0.506561,0.676168,0.505645,0.684606,0.502495,0.692786,0.498237,0.705739,0.493996,0.719286,0.489977,0.727463,0.48599,0.737345,0.483759,0.753729,0.484591,0.768621,0.486672,0.78521,0.487224,0.804138,0.480234,0.816271,0.458405,0.797485,0.423455,0.767809,0.395898,0.69136,0.406285,0.662959,0.520122,0.668488,0.76397,0.491851,0.834638,0.253842,0.382795,0.271243,1.1921,,,,6.05,1e-09,,,,,,
1,0,0.1,0.75,0.224897,0.272675,0.410755,0.272656,0.673721,0.275977,0.739665,0.342652,0.662113,0.38145,0.567359,0.393792,0.504569,0.405956,0.474018,0.415919,0.462563,0.423071,0.460534,0.429383,0.462595,0.435131,0.466883,0.441618,0.473045,0.448053,0.48102,0.454593,0.49002,0.459658,0.498787,0.464204,0.505328,0.4696,0.508081,0.475828,0.506887,0.482729,0.503396,0.490028,0.499571,0.49813,0.496592,0.507322,0.495156,0.516936,0.495389,0.527023,0.496907,0.538229,0.498961,0.550314,0.500669,0.563142,0.501505,0.576324,0.50144,0.589638,0.500882,0.602629,0.500344,0.614976,0.500406,0.627409,0.501455,0.640564,0.503354,0.652076,0.505379,0.661951,0.506442,0.672559,0.505554,0.679714,0.502542,0.68646,0.498318,0.697794,0.493889,0.709624,0.489629,0.716537,0.485639,0.725856,0.483473,0.742011,0.484312,0.757264,0.486623,0.774711,0.487504,0.794603,0.480693,0.807951,0.458767,0.79167,0.423267,0.76473,0.39472,0.690629,0.405624,0.663563,0.520171,0.669783,0.763588,0.493064,0.828931,0.254506,0.383723,0.271957,1.19477,88.21,1,0.0135,3.32206,1e-09,0,27.7,0.2,0.6,1,4
1,0,1,1,0.150106,0.155315,0.467614,0.139259,1.09724,0.135555,0.976084,0.183854,0.677508,0.219818,0.528544,0.239281,0.452675,0.25744,0.429169,0.272751,0.430042,0.283389,0.446072,0.293128,0.469667,0.303099,0.484313,0.313091,0.487853,0.321887,0.479098,0.329578,0.472099,0.335996,0.481451,0.342451,0.500767,0.350098,0.515399,0.358873,0.514931,0.368373,0.50409,0.378224,0.493851,0.388816,0.487086,0.400364,0.481743,0.412246,0.482264,0.424616,0.48935,0.438015,0.500044,0.452327,0.508287,0.467402,0.509002,0.482954,0.502542,0.498953,0.492241,0.515206,0.482571,0.531908,0.476117,0.550138,0.475664,0.570562,0.482225,0.591149,0.492273,0.611547,0.501769,0.632989,0.5075,0.651195,0.50694,0.667842,0.506971,0.687639,0.510641,0.706502,0.510422,0.717769,0.501378,0.728744,0.492292,0.745058,0.486407,0.75868,0.475174,0.773231,0.459653,0.790694,0.439996,0.803432,0.415386,0.78641,0.392401,0.750236,0.383492,0.650628,0.383524,0.581885,0.490205,0.525703,0.855467,0.311961,1.10475,0.117534,0.308087,0.102624,0.192429,,,,0.981556,1e-09,,,,,,
1,0,1,0.75,0.166389,0.179126,0.450555,0.165053,0.959626,0.162239,0.9103,0.215236,0.673941,0.252781,0.53814,0.271535,0.465193,0.289029,0.439993,0.303651,0.43797,0.313816,0.449613,0.323052,0.46777,0.332345,0.479694,0.341772,0.483952,0.350195,0.47957,0.35773,0.476645,0.363935,0.485847,0.370058,0.501896,0.377307,0.513435,0.385621,0.512789,0.394641,0.503849,0.404011,0.495227,0.414124,0.489424,0.425213,0.485081,0.436641,0.485554,0.448542,0.491239,0.461478,0.499708,0.475306,0.506234,0.489875,0.506951,0.504875,0.502125,0.52023,0.494304,0.535681,0.486961,0.551288,0.482174,0.568024,0.482122,0.586511,0.487518,0.604598,0.495515,0.621971,0.502846,0.640083,0.506944,0.65468,0.505873,0.667839,0.504855,0.684329,0.506318,0.700144,0.504874,0.709364,0.497127,0.719496,0.489854,0.7356,0.485672,0.749907,0.477975,0.76583,0.466664,0.784618,0.450157,0.798401,0.426082,0.783409,0.399766,0.751566,0.385407,0.659881,0.388459,0.601721,0.497566,0.559331,0.831198,0.350431,1.02292,0.142856,0.32606,0.131195,0.304265,88.21,1,0.0135,0.849233,1e-09,0,27.7,0.2,0.6,1,4
1,0,10,1,0.232694,0.25624,0.437064,0.253671,0.725382,0.255285,0.806488,0.319597,0.689258,0.358646,0.56974,0.372376,0.494606,0.385364,0.459343,0.395818,0.447133,0.403117,0.446734,0.409556,0.451652,0.415535,0.458206,0.422172,0.465856,0.428646,0.474131,0.435117,0.482919,0.440182,0.491921,0.44481,0.498966,0.450316,0.501946,0.456671,0.500367,0.463685,0.495937,0.471076,0.491151,0.479231,0.487557,0.488425,0.485685,0.498007,0.485872,0.508032,0.48757,0.519119,0.489753,0.531038,0.491248,0.543649,0.491343,0.556578,0.490185,0.569613,0.488503,0.582314,0.487306,0.594356,0.48737,0.606395,0.489136,0.618965,0.492447,0.629677,0.496361,0.6384,0.499647,0.647216,0.501222,0.652047,0.500277,0.655992,0.497189,0.663846,0.492515,0.671827,0.486508,0.675929,0.479984,0.683975,0.474875,0.699485,0.472403,0.715531,0.471645,0.734983,0.469952,0.757249,0.46104,0.774038,0.437863,0.765314,0.402259,0.746275,0.374284,0.678146,0.387514,0.65167,0.505997,0.652533,0.769097,0.469775,0.845436,0.234796,0.38318,0.24562,0.206766,,,,0.57562,1e-09,,,,,,
1,0,10,0.75,0.231161,0.260755,0.428292,0.258796,0.703559,0.260818,0.788892,0.325845,0.682688,0.36492,0.569301,0.37834,0.49715,0.391145,0.462995,0.401488,0.45096,0.408753,0.450113,0.415158,0.454248,0.421072,0.460167,0.427662,0.467492,0.434116,0.475836,0.440597,0.484814,0.445652,0.49375,0.450248,0.500542,0.455712,0.503351,0.462016,0.501872,0.468979,0.497726,0.47632,0.493195,0.48443,0.489779,0.493587,0.488055,0.503134,0.488275,0.513126,0.489899,0.524185,0.491975,0.536078,0.493452,0.548664,0.493702,0.561564,0.492836,0.57456,0.491487,0.587204,0.490541,0.599151,0.490696,0.611054,0.492327,0.623446,0.495248,0.633917,0.498598,0.642344,0.50125,0.650843,0.502233,0.655322,0.500878,0.658931,0.497532,0.666492,0.492778,0.67421,0.487028,0.67812,0.481132,0.686084,0.476798,0.701589,0.475148,0.717686,0.47531,0.73724,0.474485,0.759593,0.46621,0.776392,0.44326,0.767594,0.407275,0.748587,0.378445,0.680705,0.391486,0.65507,0.50954,0.657757,0.767428,0.476371,0.836961,0.240046,0.384012,0.252451,0.321113,88.21,1,0.0135,0.569105,1e-09,0,27.7,0.2,0.6,1,4
1,0,100,1,0.229417,0.27251,0.408325,0.272308,0.651894,0.275407,0.746986,0.342005,0.667737,0.380777,0.569392,0.393095,0.504322,0.405191,0.472338,0.415054,0.459979,0.422088,0.45716,0.428285,0.458511,0.433921,0.46218,0.440295,0.468206,0.446625,0.476403,0.453075,0.485628,0.458066,0.494181,0.462535,0.50017,0.467835,0.502483,0.473947,0.501313,0.480716,0.497996,0.487869,0.494224,0.495802,0.491336,0.504802,0.490036,0.514205,0.490345,0.524056,0.49175,0.534991,0.493523,0.546763,0.494961,0.559232,0.495674,0.572007,0.49568,0.584853,0.495353,0.597295,0.495241,0.608946,0.495822,0.620432,0.497271,0.632284,0.499331,0.64205,0.501352,0.649631,0.502487,0.65723,0.502052,0.660739,0.499725,0.66344,0.495754,0.670196,0.490775,0.677207,0.485631,0.680647,0.481281,0.688455,0.47886,0.704004,0.479245,0.72033,0.481774,0.740269,0.483304,0.762992,0.476987,0.779987,0.455139,0.771263,0.418771,0.752678,0.388206,0.686007,0.401069,0.663189,0.517881,0.671531,0.761324,0.494787,0.813214,0.255094,0.386042,0.272259,0.359329,,,,0.551905,1e-09,,,,,,
1,0,100,0.75,0.228715,0.273077,0.406992,0.272929,0.649393,0.27609,0.744824,0.342833,0.666638,0.381682,0.569041,0.39402,0.504457,0.406143,0.472784,0.416034,0.460643,0.423096,0.457969,0.429317,0.459412,0.43497,0.463157,0.441359,0.46926,0.447702,0.477545,0.454166,0.486852,0.459165,0.49545,0.463639,0.501448,0.468945,0.503755,0.475064,0.502584,0.48184,0.499274,0.489,0.495507,0.49694,0.492624,0.505949,0.49133,0.515359,0.491643,0.525217,0.493045,0.53616,0.494812,0.54794,0.496247,0.560417,0.496962,0.5732,0.496974,0.586052,0.496647,0.598497,0.496519,0.610148,0.497065,0.621632,0.498455,0.633481,0.500432,0.643236,0.502353,0.650801,0.503384,0.658381,0.502857,0.661863,0.500463,0.664534,0.496454,0.671268,0.491472,0.678255,0.486369,0.681666,0.482106,0.689452,0.479796,0.704985,0.4803,0.721293,0.482945,0.741213,0.484559,0.76391,0.478253,0.780863,0.456313,0.772065,0.41975,0.753399,0.388954,0.686614,0.401712,0.663736,0.51849,0.672068,0.761604,0.495269,0.812921,0.255448,0.386161,0.27272,0.486036,88.21,1,0.0135,0.551428,1e-09,0,27.7,0.2,0.6,1,4
1,0,1000,1,0.226724,0.274549,0.40267,0.27456,0.641218,0.277868,0.737369,0.344934,0.662467,0.383903,0.567277,0.396231,0.504228,0.408372,0.473498,0.418293,0.461972,0.425397,0.459678,0.431655,0.461337,0.437329,0.46525,0.443739,0.471522,0.450103,0.480011,0.456591,0.48951,0.461603,0.498205,0.466083,0.50422,0.471395,0.506527,0.477522,0.505394,0.484306,0.502154,0.491473,0.498458,0.499422,0.495639,0.508442,0.49442,0.517862,0.494793,0.52773,0.496239,0.538685,0.498039,0.550477,0.499515,0.562967,0.50029,0.57576,0.500366,0.588619,0.500088,0.601066,0.499966,0.612709,0.500462,0.624176,0.501734,0.636004,0.503526,0.645721,0.505222,0.65323,0.506021,0.660751,0.505292,0.664153,0.502772,0.666743,0.498717,0.673412,0.493779,0.680335,0.488846,0.683678,0.484878,0.691416,0.482925,0.706922,0.483813,0.723199,0.486845,0.743088,0.488763,0.765744,0.482561,0.782619,0.460421,0.77368,0.423338,0.754868,0.391909,0.687897,0.404436,0.664985,0.521373,0.673471,0.763995,0.496728,0.813663,0.256573,0.387247,0.274201,1.20281,,,,0.5501,1e-09,,,,,,
1,0,1000,0.75,0.226699,0.274609,0.402757,0.27462,0.641401,0.277938,0.73762,0.345033,0.662689,0.384029,0.567454,0.396376,0.504386,0.408533,0.473655,0.418467,0.46214,0.425582,0.459859,0.431848,0.461534,0.437529,0.465463,0.443945,0.47175,0.450315,0.480255,0.456806,0.489769,0.461821,0.498473,0.466303,0.50449,0.471619,0.506792,0.477749,0.50565,0.484536,0.502398,0.491706,0.498688,0.499659,0.495856,0.508682,0.494623,0.518106,0.494984,0.527976,0.496417,0.538934,0.498204,0.550729,0.499668,0.563222,0.500429,0.576018,0.500493,0.58888,0.500202,0.601329,0.500067,0.612973,0.50055,0.624443,0.501807,0.636274,0.503582,0.645993,0.505259,0.653503,0.506038,0.661025,0.505289,0.664426,0.50275,0.667014,0.498678,0.673682,0.493726,0.680604,0.488782,0.683942,0.484806,0.691675,0.482847,0.707176,0.483728,0.723447,0.486753,0.743328,0.488659,0.765975,0.482438,0.782839,0.460279,0.773879,0.423179,0.755043,0.391734,0.688032,0.404239,0.665083,0.52111,0.673524,0.763607,0.496726,0.813258,0.256557,0.387065,0.274177,1.20281,88.21,1,0.0135,0.550075,1e-09,0,27.7,0.2,0.6,1,4
2,0,0.1,1,1.65117,0.161855,0.453624,0.13558,1.08866,0.13116,0.967047,0.177991,0.674292,0.212943,0.527534,0.232094,0.452304,0.250548,0.426524,0.267262,0.427452,0.279728,0.443279,0.291259,0.467126,0.301853,0.482568,0.31187,0.486239,0.320638,0.477511,0.328348,0.469285,0.334785,0.47912,0.3412,0.499094,0.348794,0.513997,0.357542,0.513243,0.367052,0.502334,0.3769,0.492412,0.387455,0.485627,0.398988,0.480115,0.410896,0.480181,0.423243,0.487907,0.436656,0.499011,0.451015,0.507221,0.466183,0.50797,0.48185,0.501177,0.497903,0.491643,0.514193,0.481914,0.530914,0.475141,0.549189,0.474028,0.569455,0.480942,0.589576,0.49176,0.60946,0.501748,0.630346,0.507849,0.647898,0.508492,0.664169,0.507529,0.683761,0.510246,0.702445,0.511194,0.713653,0.502215,0.724685,0.491914,0.740989,0.485749,0.754529,0.47423,0.769035,0.458114,0.786599,0.438402,0.799659,0.415361,0.783552,0.391352,0.751154,0.384645,0.659211,0.383968,0.602465,0.489745,0.567435,0.87464,0.367142,1.1721,0.143631,0.297977,0.111532,0.189702,,,,2.01061,1e-09,,,,,,
2,0,0.1,0.75,0.906657,0.160194,0.457082,0.136491,1.0908,0.132245,0.969298,0.179439,0.675094,0.214641,0.527786,0.23387,0.452397,0.252254,0.427184,0.268624,0.428098,0.280639,0.443976,0.291725,0.46776,0.302164,0.483003,0.312175,0.486642,0.32095,0.477907,0.328655,0.469987,0.335087,0.479702,0.341513,0.499512,0.34912,0.514347,0.357875,0.513665,0.367382,0.502772,0.37723,0.492771,0.387795,0.485991,0.399331,0.480522,0.411233,0.480701,0.423586,0.488267,0.436995,0.499269,0.451343,0.507487,0.466488,0.508228,0.482125,0.501518,0.498165,0.491792,0.514446,0.482078,0.531162,0.475385,0.549426,0.474436,0.569731,0.481263,0.589969,0.491888,0.609981,0.501754,0.631006,0.507762,0.64872,0.508104,0.665086,0.507389,0.684728,0.510345,0.703457,0.511001,0.71468,0.502005,0.725698,0.492009,0.742004,0.485913,0.755565,0.474466,0.770082,0.458498,0.787621,0.4388,0.8006,0.415367,0.784266,0.391614,0.750925,0.384357,0.657055,0.383857,0.597253,0.48986,0.556701,0.869807,0.352493,1.15489,0.136608,0.300473,0.109235,0.19038,88.21,1,0.0135,1.68064,1e-09,0,27.7,0.2,0.6,1,4
2,0,1,1,0.997382,0.176575,0.882177,0.112212,1.42414,0.100621,1.01707,0.139276,0.703075,0.168452,0.55689,0.188615,0.461654,0.214612,0.400436,0.243656,0.381806,0.266529,0.38341,0.285543,0.399844,0.299401,0.413099,0.310653,0.417637,0.319985,0.407967,0.327969,0.397206,0.334615,0.41215,0.341168,0.437856,0.348865,0.457211,0.35772,0.457618,0.367347,0.449856,0.377295,0.445702,0.387904,0.440343,0.399504,0.431969,0.411545,0.436963,0.42396,0.449116,0.43754,0.46479,0.452149,0.474027,0.467652,0.474469,0.483689,0.472171,0.499999,0.468215,0.516522,0.460606,0.533468,0.448196,0.552106,0.448431,0.572375,0.468741,0.591879,0.486932,0.611042,0.502727,0.631051,0.524503,0.647527,0.524191,0.663109,0.514722,0.682502,0.520522,0.701043,0.531655,0.712373,0.516163,0.724138,0.496243,0.741572,0.490913,0.755705,0.477799,0.770978,0.461607,0.789746,0.449109,0.805015,0.442346,0.792473,0.424879,0.766361,0.434362,0.684562,0.415192,0.650257,0.494002,0.660886,0.830022,0.462184,0.767944,0.194657,0.11366,0.178538,0.116489,,,,2.92621,1e-09,,,,,,
2,0,1,0.75,0.62122,0.171002,0.752729,0.118436,1.33426,0.108404,1.00666,0.149289,0.696594,0.180041,0.549664,0.200175,0.459393,0.2246,0.407434,0.250625,0.393332,0.270648,0.398198,0.287421,0.416261,0.300321,0.429855,0.311261,0.434182,0.32046,0.424692,0.32837,0.414734,0.33496,0.428479,0.341488,0.452801,0.349173,0.471111,0.358008,0.471319,0.367604,0.462841,0.377527,0.45728,0.388131,0.45159,0.399719,0.443909,0.41172,0.447873,0.424124,0.458853,0.437658,0.473363,0.452194,0.482369,0.46759,0.482876,0.483505,0.479587,0.499737,0.474109,0.516193,0.466002,0.533078,0.455018,0.551613,0.45509,0.571921,0.472076,0.591697,0.488262,0.611168,0.502488,0.631535,0.520199,0.648442,0.519824,0.664289,0.512773,0.683782,0.518034,0.702404,0.526265,0.713718,0.512426,0.725287,0.495252,0.742442,0.489782,0.756448,0.477141,0.771541,0.461118,0.789983,0.446813,0.804619,0.435446,0.790953,0.416516,0.762298,0.421045,0.675916,0.407038,0.632446,0.49305,0.624137,0.836311,0.418925,0.841033,0.171591,0.145839,0.155457,0.132063,88.21,1,0.0135,2.22694,1e-09,0,27.7,0.2,0.6,1,4
2,0,10,1,0.241132,0.15304,0.678271,0.131807,1.48471,0.127947,1.21191,0.175137,0.795941,0.210841,0.597172,0.23125,0.491303,0.251151,0.445755,0.268668,0.430241,0.281077,0.432448,0.292038,0.444377,0.302524,0.449433,0.312702,0.446029,0.321579,0.432329,0.329325,0.421987,0.335775,0.429175,0.34224,0.446361,0.349898,0.459814,0.358688,0.459681,0.368202,0.451072,0.378053,0.443905,0.388631,0.439303,0.400172,0.435336,0.412063,0.438484,0.424429,0.447721,0.437841,0.460456,0.452177,0.470436,0.467288,0.473194,0.482877,0.470201,0.498891,0.46373,0.515155,0.457223,0.531871,0.452276,0.550147,0.45443,0.570565,0.46579,0.591059,0.479497,0.611361,0.492165,0.632686,0.502812,0.65076,0.503991,0.667308,0.503944,0.68706,0.509241,0.70588,0.511468,0.717136,0.501541,0.728157,0.490429,0.744564,0.483987,0.758218,0.471594,0.772834,0.454979,0.790436,0.435031,0.803469,0.410783,0.786959,0.385733,0.751924,0.373153,0.654754,0.361872,0.5917,0.441498,0.547044,0.722336,0.335943,0.841515,0.130012,0.222742,0.114929,0.118534,,,,1.16258,1e-09,,,,,,
2,0,10,0.75,0.214186,0.153605,0.618051,0.133632,1.3766,0.129808,1.14809,0.177277,0.764521,0.21305,0.579222,0.233232,0.481347,0.252708,0.44155,0.269683,0.430191,0.281653,0.435815,0.29231,0.450569,0.302667,0.45791,0.312799,0.456136,0.321656,0.443575,0.329388,0.433993,0.335831,0.441686,0.342293,0.459382,0.349948,0.473121,0.358734,0.472911,0.368245,0.463779,0.378096,0.455897,0.388677,0.45079,0.40022,0.446501,0.412109,0.449041,0.424476,0.457784,0.437884,0.470049,0.452215,0.479626,0.467316,0.481903,0.482896,0.478086,0.498906,0.470699,0.515168,0.463433,0.531881,0.458122,0.550145,0.459648,0.570564,0.469846,0.591082,0.48266,0.611407,0.494549,0.632762,0.50398,0.650868,0.504727,0.667441,0.504699,0.687205,0.509591,0.706035,0.511206,0.717294,0.5015,0.728304,0.490894,0.744687,0.484591,0.758334,0.472486,0.772933,0.456143,0.7905,0.436267,0.80346,0.411929,0.786822,0.387389,0.751502,0.375711,0.65372,0.367168,0.589231,0.453201,0.541629,0.753538,0.32978,0.900766,0.126774,0.241557,0.111721,0.133798,88.21,1,0.0135,1.11442,1e-09,0,27.7,0.2,0.6,1,4
2,0,100,1,0.163849,0.154832,0.506074,0.138302,1.17998,0.134598,1.03629,0.182678,0.711217,0.218501,0.549625,0.237958,0.466342,0.256177,0.437927,0.271591,0.434976,0.282306,0.447551,0.292079,0.467811,0.302024,0.479215,0.311969,0.479863,0.320722,0.468707,0.328381,0.459686,0.334774,0.467035,0.341206,0.484221,0.34883,0.497012,0.357579,0.495421,0.367049,0.484169,0.376862,0.473794,0.387407,0.46687,0.398908,0.461396,0.410746,0.461814,0.423069,0.468626,0.436421,0.478995,0.450686,0.487071,0.465714,0.488025,0.481213,0.48228,0.49715,0.472937,0.513337,0.464175,0.529973,0.458387,0.548146,0.458496,0.568507,0.4656,0.589032,0.476,0.609382,0.485828,0.63078,0.492149,0.648949,0.492084,0.665569,0.492371,0.685327,0.496284,0.704143,0.496458,0.715377,0.487724,0.726316,0.478779,0.742573,0.473011,0.756141,0.461951,0.770652,0.446677,0.788105,0.427393,0.800935,0.403271,0.784255,0.38035,0.748752,0.370739,0.650323,0.368894,0.583218,0.467838,0.529365,0.806876,0.315983,1.02754,0.119555,0.286918,0.104573,0.192434,,,,0.998034,1e-09,,,,,,
2,0,100,0.75,0.160299,0.154953,0.496173,0.13854,1.15873,0.134837,1.0209,0.182971,0.702635,0.218829,0.544277,0.238288,0.462887,0.256492,0.435721,0.271881,0.433737,0.282576,0.447181,0.292341,0.468274,0.302292,0.480484,0.312249,0.481848,0.321013,0.471283,0.328679,0.462758,0.335079,0.470598,0.341516,0.488306,0.349147,0.501547,0.357902,0.500228,0.367379,0.489074,0.377202,0.47873,0.387759,0.471844,0.399271,0.466401,0.411121,0.466844,0.423455,0.473723,0.436819,0.484173,0.451096,0.49229,0.466135,0.493187,0.481648,0.487268,0.4976,0.477691,0.513803,0.468707,0.530456,0.462756,0.548643,0.462729,0.56902,0.469702,0.589561,0.480017,0.609923,0.489765,0.631331,0.495943,0.64951,0.495757,0.666137,0.495981,0.685905,0.499835,0.704732,0.499913,0.715975,0.491102,0.726922,0.482122,0.743193,0.476325,0.756775,0.465222,0.771296,0.449886,0.788752,0.43051,0.801559,0.406266,0.784793,0.383328,0.749123,0.373887,0.650399,0.372499,0.582884,0.473332,0.528447,0.818758,0.314973,1.04632,0.119046,0.29207,0.104082,0.192432,88.21,1,0.0135,0.993889,1e-09,0,27.7,0.2,0.6,1,4
2,0,1000,1,0.151897,0.155208,0.472953,0.139109,1.10926,0.135408,0.985163,0.183678,0.682692,0.219634,0.531842,0.239111,0.454881,0.25729,0.430679,0.272623,0.43101,0.283277,0.446547,0.293025,0.46965,0.302997,0.483795,0.312986,0.486863,0.32178,0.477696,0.329468,0.470335,0.335884,0.479314,0.342337,0.498223,0.349982,0.512482,0.358754,0.511749,0.368251,0.500756,0.378098,0.490406,0.388686,0.48353,0.40023,0.478087,0.412108,0.478499,0.424474,0.485439,0.437868,0.495973,0.452176,0.504087,0.467247,0.504755,0.482794,0.498338,0.498787,0.488132,0.515035,0.478558,0.531731,0.472168,0.549956,0.471747,0.570374,0.478306,0.590957,0.488319,0.611352,0.497787,0.632791,0.503538,0.650996,0.503027,0.667642,0.503084,0.687438,0.506764,0.706297,0.506593,0.717562,0.49764,0.728534,0.48863,0.744843,0.482806,0.758459,0.47167,0.773008,0.456276,0.790471,0.43678,0.80322,0.412366,0.786233,0.389526,0.750127,0.380619,0.650631,0.380496,0.582044,0.485963,0.52608,0.846996,0.312357,1.09236,0.117729,0.304847,0.102812,0.192429,,,,0.982897,1e-09,,,,,,
2,0,1000,0.75,0.151447,0.155234,0.471613,0.139147,1.10624,0.135445,0.982885,0.183722,0.681393,0.21968,0.531015,0.239153,0.454328,0.257328,0.430301,0.272655,0.430768,0.283305,0.446428,0.293051,0.469654,0.303022,0.483924,0.313013,0.48711,0.321806,0.478046,0.329495,0.470776,0.335912,0.479847,0.342365,0.498858,0.350011,0.51321,0.358784,0.512543,0.368282,0.501587,0.37813,0.491265,0.388718,0.484416,0.400263,0.478998,0.412143,0.479437,0.42451,0.486414,0.437905,0.496988,0.452214,0.505133,0.467286,0.505814,0.482834,0.499386,0.498829,0.489156,0.515078,0.479558,0.531775,0.473152,0.550001,0.472723,0.570421,0.479283,0.591005,0.489305,0.6114,0.49878,0.632841,0.504525,0.651046,0.504002,0.667692,0.504053,0.687488,0.50773,0.706348,0.507547,0.717614,0.498572,0.728586,0.489543,0.744896,0.483704,0.758515,0.472543,0.773063,0.457118,0.790527,0.437582,0.803273,0.413119,0.786277,0.390243,0.750155,0.381335,0.65063,0.381251,0.582004,0.48702,0.525986,0.849106,0.312258,1.09544,0.11768,0.305654,0.102765,0.192429,88.21,1,0.0135,0.982562,1e-09,0,27.7,0.2,0.6,1,4
3,0,0.1,1,10.9712,0.150892,0.942934,0.098317,1.35902,0.0850589,0.949685,0.119465,0.696134,0.147552,0.578283,0.168124,0.486609,0.1966,0.384507,0.234714,0.365143,0.269309,0.361191,0.300947,0.37681,0.320628,0.395668,0.332347,0.405652,0.340637,0.402237,0.347984,0.387529,0.354526,0.403618,0.361062,0.43146,0.368762,0.451588,0.377796,0.451671,0.387914,0.442523,0.39834,0.436975,0.409301,0.430305,0.421578,0.421259,0.434673,0.425346,0.447734,0.437801,0.462252,0.454,0.478098,0.462771,0.495286,0.463765,0.513297,0.461668,0.531325,0.459752,0.549436,0.451827,0.567787,0.438904,0.588014,0.439648,0.6088,0.463769,0.627015,0.48625,0.644438,0.5078,0.662304,0.533485,0.67552,0.534542,0.689112,0.522976,0.707607,0.526637,0.725284,0.539747,0.735999,0.518418,0.748825,0.494622,0.76817,0.486555,0.783803,0.47157,0.800746,0.45404,0.821223,0.445573,0.838214,0.454293,0.827322,0.432888,0.80745,0.465408,0.73692,0.425274,0.728576,0.48077,0.799056,0.889416,0.5952,0.770105,0.216935,0.0854831,0.248836,0.114052,,,,3.24557,1e-09,,,,,,
3,0,0.1,0.75,6.02429,0.156939,0.927363,0.10162,1.37502,0.0887078,0.9661,0.124137,0.697863,0.15252,0.572859,0.173028,0.480247,0.200956,0.388429,0.236918,0.369239,0.268611,0.366622,0.29702,0.382441,0.315184,0.399956,0.326786,0.408615,0.335353,0.403662,0.342868,0.389926,0.34944,0.405734,0.355982,0.43305,0.363684,0.452987,0.372673,0.453151,0.382667,0.444345,0.392971,0.439141,0.403844,0.432793,0.415948,0.423911,0.428772,0.428221,0.441668,0.440602,0.455946,0.456674,0.471475,0.46556,0.488228,0.466418,0.505729,0.464272,0.523314,0.461853,0.541016,0.454006,0.559005,0.441208,0.578824,0.441828,0.599482,0.465007,0.61804,0.486421,0.635922,0.506527,0.654348,0.531225,0.66841,0.531935,0.682517,0.5209,0.701245,0.525102,0.719146,0.537712,0.73002,0.517853,0.742576,0.495027,0.761432,0.487641,0.776682,0.47312,0.793198,0.45592,0.813238,0.446455,0.829788,0.451276,0.818469,0.430872,0.796976,0.457445,0.723467,0.422731,0.708154,0.484044,0.762017,0.874181,0.558728,0.769564,0.211137,0.0917936,0.229017,0.114656,88.21,1,0.0135,3.1626,1e-09,0,27.7,0.2,0.6,1,4
3,0,1,1,3.3599,0.143949,1.78961,0.0950392,2.05929,0.0877649,1.17656,0.12662,0.782463,0.157515,0.619821,0.179628,0.497522,0.208585,0.389249,0.243261,0.350337,0.271781,0.336207,0.295842,0.344574,0.31211,0.35873,0.324064,0.368304,0.333588,0.36493,0.341842,0.355428,0.34881,0.371155,0.355649,0.396914,0.363634,0.415391,0.372839,0.414671,0.382912,0.405859,0.393303,0.400805,0.404341,0.393862,0.416506,0.383958,0.429259,0.388524,0.44229,0.400519,0.456635,0.416064,0.472149,0.42501,0.488727,0.426419,0.50594,0.427285,0.523332,0.427982,0.540879,0.423776,0.558776,0.413182,0.578473,0.417766,0.599444,0.447354,0.618998,0.474367,0.638058,0.498683,0.657861,0.530896,0.673748,0.532667,0.689088,0.519787,0.708783,0.526203,0.72763,0.540982,0.739166,0.519612,0.751816,0.493144,0.770766,0.486878,0.785998,0.474375,0.802459,0.461826,0.822356,0.459125,0.838263,0.468551,0.825001,0.455933,0.799093,0.465974,0.719159,0.402705,0.69932,0.410704,0.750153,0.589515,0.560369,0.409909,0.238825,0.0476593,0.250715,0.110894,,,,3.11574,1e-09,,,,,,
3,0,1,0.75,2.48005,0.151492,1.49954,0.0990687,1.87792,0.090816,1.13448,0.129672,0.761813,0.160181,0.603451,0.181834,0.488302,0.210076,0.392016,0.24336,0.357952,0.270458,0.347433,0.293233,0.357631,0.308883,0.371611,0.320658,0.380062,0.330134,0.375244,0.338319,0.365441,0.345206,0.381004,0.351972,0.406775,0.359884,0.425473,0.369,0.425014,0.37896,0.416437,0.389238,0.411586,0.400168,0.405001,0.412189,0.395436,0.42476,0.400106,0.437635,0.412151,0.451784,0.427744,0.467068,0.436768,0.483371,0.437955,0.500283,0.438089,0.517399,0.437704,0.534684,0.432697,0.552339,0.42167,0.571766,0.42523,0.592559,0.452608,0.612104,0.477478,0.631194,0.499691,0.651054,0.52929,0.667095,0.530535,0.682499,0.518516,0.702119,0.524777,0.72089,0.538635,0.732375,0.518748,0.744799,0.493917,0.763361,0.487883,0.778313,0.475228,0.79447,0.461771,0.814079,0.4566,0.829824,0.461857,0.816746,0.447963,0.790781,0.457862,0.710349,0.405791,0.686717,0.43011,0.726765,0.642161,0.534022,0.479566,0.226923,0.059226,0.230312,0.112267,88.21,1,0.0135,3.06724,1e-09,0,27.7,0.2,0.6,1,4
3,0,10,1,1.43611,0.166213,1.2045,0.106307,1.86057,0.096045,1.24707,0.134248,0.824365,0.16384,0.630434,0.184845,0.504157,0.211752,0.419855,0.24193,0.387439,0.265873,0.378372,0.285756,0.38622,0.300099,0.392816,0.311573,0.392403,0.321017,0.379617,0.329082,0.366287,0.335785,0.377383,0.342371,0.398544,0.350096,0.414,0.358987,0.412564,0.36866,0.404239,0.378654,0.399659,0.389311,0.394293,0.400978,0.386583,0.413111,0.391463,0.425617,0.403199,0.439313,0.418497,0.45406,0.428311,0.469719,0.430582,0.485919,0.430894,0.502379,0.430015,0.519042,0.425671,0.536119,0.416586,0.554901,0.419596,0.575276,0.442149,0.594821,0.462628,0.614006,0.480621,0.634023,0.504331,0.650469,0.505385,0.666042,0.496398,0.685479,0.502039,0.704071,0.512523,0.715441,0.495688,0.727309,0.473975,0.744916,0.466389,0.759193,0.451127,0.774634,0.43289,0.793605,0.418219,0.809116,0.408603,0.796829,0.387201,0.771379,0.387837,0.690896,0.358098,0.660517,0.406867,0.680014,0.645838,0.483131,0.565867,0.204834,0.084507,0.19117,0.11387,,,,2.84048,1e-09,,,,,,
3,0,10,0.75,1.31101,0.168745,1.11428,0.107753,1.74029,0.097169,1.1851,0.135488,0.792209,0.164981,0.611184,0.185781,0.493178,0.212463,0.414914,0.24236,0.386023,0.266037,0.379625,0.285703,0.389581,0.299924,0.397792,0.311343,0.398565,0.320759,0.386514,0.328803,0.373783,0.335492,0.38579,0.34207,0.408028,0.349788,0.424404,0.35867,0.423393,0.368331,0.41519,0.378313,0.410703,0.388958,0.405333,0.400609,0.397461,0.412719,0.402373,0.425202,0.414218,0.438869,0.429619,0.453581,0.439309,0.469201,0.441158,0.485361,0.440862,0.501783,0.439262,0.518411,0.434148,0.535455,0.424273,0.554201,0.426626,0.57455,0.448652,0.594084,0.468588,0.613264,0.486054,0.633279,0.5093,0.649732,0.510023,0.665308,0.500917,0.684733,0.506598,0.703313,0.51724,0.714673,0.50073,0.726515,0.479446,0.744079,0.472403,0.758319,0.457652,0.773719,0.439897,0.792639,0.425736,0.808089,0.41679,0.795738,0.396295,0.770122,0.398979,0.689307,0.371589,0.657937,0.427092,0.675181,0.687646,0.477807,0.610757,0.202241,0.0910063,0.18793,0.114519,88.21,1,0.0135,2.86167,1e-09,0,27.7,0.2,0.6,1,4
3,0,100,1,1.09278,0.174091,0.960611,0.110761,1.54541,0.0994499,1.09041,0.137896,0.745425,0.167109,0.584754,0.18746,0.480117,0.213651,0.412388,0.242913,0.389833,0.266004,0.388414,0.285198,0.402246,0.299177,0.412982,0.3105,0.415137,0.319876,0.403395,0.327886,0.390836,0.334546,0.403725,0.341102,0.427114,0.348798,0.444272,0.35765,0.443132,0.367275,0.434296,0.377221,0.429142,0.387828,0.423001,0.39943,0.414152,0.411476,0.418257,0.423898,0.429307,0.437489,0.443802,0.452115,0.452261,0.467637,0.452472,0.483694,0.450206,0.500025,0.446461,0.516568,0.439293,0.533536,0.427586,0.552201,0.427963,0.572498,0.447505,0.592032,0.46503,0.611228,0.480251,0.631274,0.501142,0.647785,0.500874,0.663404,0.491769,0.682837,0.497159,0.70142,0.507566,0.712787,0.492497,0.724592,0.473161,0.742071,0.467684,0.756247,0.454797,0.771569,0.438991,0.790399,0.426695,0.80575,0.419794,0.793304,0.402589,0.767353,0.410565,0.685773,0.391111,0.652014,0.462869,0.663755,0.771556,0.465042,0.710695,0.195997,0.10618,0.180087,0.118315,,,,2.89959,1e-09,,,,,,
3,0,100,0.75,1.06811,0.174709,0.940372,0.111122,1.51416,0.0997414,1.0716,0.13824,0.734604,0.167444,0.57766,0.187748,0.475433,0.21389,0.409367,0.243098,0.387811,0.266135,0.387157,0.285284,0.401644,0.299233,0.413012,0.310539,0.415761,0.319903,0.404533,0.327907,0.392419,0.334564,0.405815,0.341119,0.429774,0.348814,0.447472,0.357668,0.44671,0.367293,0.438135,0.377239,0.433224,0.387847,0.427272,0.399448,0.418536,0.411493,0.422857,0.423913,0.434176,0.437502,0.448958,0.452123,0.457607,0.467641,0.457874,0.483693,0.4556,0.500019,0.451803,0.516557,0.444527,0.533519,0.432648,0.552177,0.43299,0.572467,0.452722,0.591994,0.470411,0.611182,0.485774,0.631219,0.506883,0.647721,0.506604,0.66333,0.49741,0.682753,0.5029,0.701326,0.513484,0.712683,0.49831,0.724478,0.478829,0.741946,0.473386,0.756112,0.460442,0.771422,0.444539,0.790236,0.432191,0.805566,0.425322,0.793096,0.40805,0.767105,0.416389,0.68547,0.396997,0.651574,0.470463,0.663036,0.785774,0.464326,0.724594,0.195661,0.108002,0.179698,0.117856,88.21,1,0.0135,2.90623,1e-09,0,27.7,0.2,0.6,1,4
3,0,1000,1,1.01047,0.176228,0.893157,0.112008,1.44152,0.100455,1.02787,0.139079,0.709456,0.168259,0.561197,0.188448,0.464614,0.214472,0.402473,0.243545,0.383299,0.266449,0.384494,0.285488,0.400577,0.299365,0.413475,0.310628,0.417654,0.319968,0.407648,0.327956,0.396586,0.334605,0.411207,0.341158,0.436549,0.348855,0.455544,0.35771,0.455671,0.367336,0.447691,0.377283,0.44333,0.387892,0.437795,0.399492,0.429291,0.411533,0.43409,0.423948,0.446011,0.437529,0.461435,0.45214,0.470483,0.467646,0.470823,0.483684,0.468467,0.499998,0.464483,0.516523,0.456892,0.533472,0.444553,0.552114,0.444762,0.572388,0.464878,0.591898,0.482897,0.611067,0.498542,0.631083,0.520115,0.647566,0.519793,0.663155,0.510392,0.682556,0.516122,0.701105,0.527133,0.712441,0.511757,0.724213,0.491993,0.741654,0.486685,0.755794,0.473668,0.771075,0.457605,0.789851,0.445203,0.805132,0.438481,0.792602,0.42114,0.766507,0.43047,0.684727,0.411379,0.650474,0.489231,0.661209,0.821311,0.462487,0.759665,0.194796,0.112606,0.178696,0.116489,,,,2.92267,1e-09,,,,,,
3,0,1000,0.75,1.00718,0.176314,0.8904,0.112059,1.43716,0.100497,1.02516,0.139129,0.707855,0.168307,0.560117,0.18849,0.463872,0.214507,0.401963,0.243573,0.382925,0.266469,0.384222,0.285502,0.400394,0.299374,0.413381,0.310634,0.41765,0.319972,0.407727,0.327959,0.396741,0.334607,0.411443,0.341161,0.436875,0.348857,0.45596,0.357712,0.456157,0.367339,0.448231,0.377286,0.443922,0.387895,0.438431,0.399495,0.429959,0.411536,0.434807,0.423951,0.446785,0.437532,0.462271,0.452143,0.471367,0.467647,0.471732,0.483686,0.46939,0.499998,0.465413,0.516522,0.457818,0.533471,0.445461,0.552112,0.445676,0.572384,0.465841,0.591893,0.483902,0.611061,0.499585,0.631075,0.521208,0.647556,0.520889,0.663144,0.511471,0.682542,0.517218,0.70109,0.52826,0.712424,0.512855,0.724195,0.493052,0.741633,0.487738,0.755772,0.474697,0.771051,0.458602,0.789825,0.446176,0.805103,0.439444,0.79257,0.422072,0.766471,0.43144,0.684686,0.412329,0.65042,0.49042,0.661128,0.82348,0.462411,0.761726,0.194761,0.112868,0.178656,0.116489,88.21,1,0.0135,2.92356,1e-09,0,27.7,0.2,0.6,1,4
4,0,0.1,1,56.8347,0.0494221,0.718873,0.039688,1.49049,0.0377179,0.98967,0.0605964,0.789928,0.0865901,0.733218,0.112535,0.629025,0.154434,0.356294,0.223303,0.337226,0.293513,0.318546,0.348756,0.342582,0.356511,0.388812,0.340968,0.424445,0.32906,0.43497,0.331039,0.401289,0.345114,0.425347,0.366885,0.46465,0.39432,0.485754,0.425868,0.47504,0.460323,0.453014,0.493641,0.440979,0.523411,0.424002,0.550951,0.402475,0.576487,0.404706,0.596679,0.418724,0.615914,0.437833,0.635228,0.443494,0.656449,0.441189,0.679601,0.440531,0.702866,0.4472,0.726916,0.439392,0.751863,0.41562,0.780676,0.416575,0.808063,0.466429,0.827778,0.505126,0.844494,0.541349,0.859766,0.600573,0.866446,0.60149,0.875755,0.566593,0.893751,0.56824,0.910883,0.602738,0.92004,0.549063,0.935789,0.497744,0.961126,0.484186,0.980514,0.458682,1.00117,0.433157,1.02487,0.436808,1.04258,0.493481,1.02443,0.455693,1.00381,0.571492,0.922675,0.463468,0.926498,0.46611,1.0929,1.34831,0.862572,1.22712,0.218039,0.0232398,0.551213,0.0967951,,,,1.92827,1e-09,,,,,,
4,0,0.1,0.75,37.6724,0.0653292,0.769324,0.0497911,1.45647,0.0462211,0.979518,0.0718035,0.765357,0.0989322,0.690971,0.124415,0.589924,0.164042,0.363147,0.226102,0.343999,0.287265,0.32871,0.336135,0.350836,0.34718,0.390515,0.338792,0.419666,0.331917,0.426545,0.335196,0.397804,0.347443,0.419808,0.36542,0.456121,0.387769,0.476978,0.413305,0.469087,0.441043,0.450368,0.467867,0.439975,0.492201,0.425569,0.515293,0.407091,0.537196,0.40977,0.555342,0.423414,0.57327,0.44182,0.591666,0.448237,0.611807,0.446728,0.633553,0.445723,0.655382,0.450305,0.677786,0.442468,0.700891,0.421323,0.727277,0.422227,0.75284,0.465763,0.772244,0.500339,0.789301,0.53276,0.80547,0.583048,0.814171,0.584005,0.824821,0.555359,0.843064,0.557541,0.860447,0.586333,0.87011,0.541236,0.885072,0.496962,0.908761,0.484777,0.927133,0.461871,0.946793,0.438286,0.969658,0.438983,0.987239,0.483378,0.971136,0.449882,0.950646,0.542895,0.872252,0.453609,0.872473,0.469733,1.0106,1.21512,0.786162,1.0922,0.217762,0.0321843,0.451822,0.100848,88.21,1,0.0135,2.19634,1e-09,0,27.7,0.2,0.6,1,4
4,0,1,1,19.0028,0.122931,1.17443,0.0827628,1.63804,0.0733735,1.08799,0.105441,0.811711,0.133497,0.683387,0.156262,0.556165,0.188615,0.395634,0.232841,0.357728,0.273656,0.342301,0.309689,0.355896,0.329738,0.381222,0.339714,0.400565,0.346562,0.405246,0.353919,0.391736,0.36182,0.41043,0.370505,0.440444,0.380777,0.459782,0.392587,0.455649,0.405562,0.440553,0.418612,0.429077,0.431775,0.41636,0.445952,0.402141,0.460724,0.402766,0.474987,0.412908,0.490561,0.427364,0.507408,0.434589,0.525698,0.435242,0.544936,0.434494,0.564166,0.435383,0.583516,0.429645,0.603143,0.418432,0.624895,0.423334,0.646978,0.45625,0.665877,0.488381,0.683771,0.519767,0.701954,0.556007,0.715016,0.560066,0.728613,0.545503,0.747664,0.54849,0.765902,0.563219,0.77687,0.534424,0.790548,0.502687,0.811451,0.491208,0.828218,0.474927,0.846347,0.459413,0.86796,0.459266,0.885395,0.484004,0.872681,0.469037,0.850692,0.516663,0.774953,0.451207,0.768222,0.468034,0.864371,0.802908,0.675112,0.578668,0.245955,0.0521027,0.329224,0.107828,,,,2.38472,1e-09,,,,,,
4,0,1,0.75,16.5644,0.129394,1.11171,0.0864039,1.56333,0.076135,1.05163,0.108785,0.781132,0.13688,0.655443,0.159147,0.537895,0.19058,0.392823,0.233308,0.359568,0.272562,0.346929,0.30748,0.361013,0.327436,0.384783,0.337857,0.401831,0.345072,0.404491,0.352426,0.39068,0.359983,0.408716,0.368121,0.43818,0.377737,0.45772,0.388836,0.454652,0.401076,0.441045,0.413449,0.431038,0.426044,0.419803,0.43973,0.406838,0.454069,0.408296,0.468022,0.418995,0.483325,0.433873,0.499916,0.44147,0.517924,0.442204,0.536848,0.441134,0.55577,0.441351,0.574803,0.435086,0.594102,0.423459,0.615464,0.427355,0.637215,0.458118,0.655942,0.487848,0.673718,0.516749,0.691824,0.550289,0.704931,0.553573,0.71853,0.539782,0.737442,0.542943,0.755539,0.557257,0.766444,0.530377,0.779904,0.500658,0.800407,0.490041,0.816884,0.474086,0.834709,0.458063,0.856032,0.455804,0.873356,0.476399,0.861113,0.459726,0.839669,0.503343,0.765265,0.444579,0.758113,0.471186,0.847558,0.823712,0.65418,0.621526,0.238355,0.0589678,0.30697,0.109351,88.21,1,0.0135,2.57574,1e-09,0,27.7,0.2,0.6,1,4
4,0,10,1,12.7352,0.144762,1.04104,0.0947296,1.49729,0.0822901,1.03367,0.116021,0.754047,0.143981,0.622225,0.164965,0.516238,0.194083,0.398647,0.233095,0.372666,0.268657,0.364149,0.301053,0.377221,0.321049,0.395019,0.332803,0.404635,0.341096,0.401027,0.34855,0.385538,0.355305,0.400685,0.362109,0.427215,0.370104,0.44561,0.379439,0.443817,0.389855,0.432771,0.400546,0.425288,0.411723,0.416865,0.424184,0.40647,0.437442,0.409146,0.45062,0.42024,0.465248,0.43526,0.481204,0.443473,0.498518,0.444665,0.516672,0.443338,0.534839,0.442597,0.553093,0.436211,0.57159,0.425115,0.591993,0.427635,0.61293,0.453548,0.631232,0.478168,0.648722,0.501959,0.666636,0.529733,0.679853,0.532232,0.69345,0.52125,0.712004,0.525119,0.729744,0.53816,0.740488,0.515799,0.753402,0.490624,0.772911,0.481161,0.788673,0.464904,0.805757,0.446304,0.826387,0.436948,0.843503,0.44452,0.832576,0.42125,0.812788,0.449319,0.742274,0.403502,0.735472,0.444553,0.812194,0.795814,0.611875,0.664394,0.223939,0.0735063,0.26183,0.112214,,,,3.07515,1e-09,,,,,,
4,0,10,0.75,12.2693,0.146271,1.0156,0.095614,1.46146,0.0829738,1.012,0.116873,0.739132,0.144865,0.610936,0.165749,0.508666,0.194709,0.395064,0.233499,0.370771,0.26882,0.363407,0.301027,0.377118,0.320944,0.395181,0.332689,0.404889,0.340981,0.401329,0.348409,0.386034,0.35511,0.401416,0.361847,0.428272,0.369768,0.447097,0.379027,0.445768,0.389369,0.435189,0.399993,0.42818,0.411116,0.420185,0.423531,0.410117,0.436748,0.413137,0.449897,0.424563,0.464497,0.439871,0.480426,0.448221,0.497708,0.449365,0.515826,0.447851,0.533959,0.446825,0.552176,0.440064,0.570637,0.428521,0.590996,0.430607,0.611895,0.456082,0.630175,0.480176,0.647648,0.503413,0.665551,0.530668,0.678767,0.532808,0.692363,0.521681,0.710902,0.525498,0.728626,0.538556,0.739363,0.516453,0.752255,0.49162,0.771723,0.482504,0.787452,0.466562,0.804501,0.448226,0.825093,0.439088,0.842178,0.446943,0.83126,0.424129,0.81145,0.453288,0.740932,0.408838,0.733742,0.453343,0.808889,0.818248,0.607663,0.689377,0.222167,0.0763332,0.258519,0.11267,88.21,1,0.0135,3.1169,1e-09,0,27.7,0.2,0.6,1,4
4,0,100,1,11.3527,0.149399,0.966125,0.0974307,1.39265,0.0843629,0.970815,0.118575,0.710291,0.146595,0.58883,0.16722,0.494031,0.195769,0.38884,0.23398,0.36813,0.268712,0.363175,0.300483,0.378086,0.320272,0.396353,0.33207,0.405764,0.340424,0.401789,0.347833,0.386512,0.354435,0.401955,0.361025,0.429021,0.368774,0.44832,0.377849,0.447681,0.388004,0.437914,0.39846,0.431755,0.409442,0.424545,0.421734,0.415073,0.434842,0.418605,0.447909,0.430416,0.462433,0.445947,0.478286,0.454237,0.495481,0.454976,0.513502,0.452763,0.53154,0.450798,0.549661,0.442993,0.568025,0.430336,0.588268,0.431115,0.60907,0.454842,0.627299,0.476986,0.644737,0.498215,0.662618,0.523461,0.675847,0.524495,0.689453,0.513074,0.707967,0.51652,0.725663,0.529172,0.736395,0.508017,0.749242,0.484421,0.768615,0.476209,0.784273,0.461248,0.801246,0.443825,0.821758,0.435277,0.838792,0.443479,0.82794,0.422196,0.808138,0.453262,0.737688,0.413358,0.729633,0.465778,0.800991,0.857172,0.597493,0.739625,0.217883,0.0824795,0.25043,0.116051,,,,3.21319,1e-09,,,,,,
4,0,100,0.75,11.2561,0.149771,0.960274,0.0976515,1.38417,0.0845364,0.965489,0.118797,0.706725,0.146834,0.586175,0.167445,0.492165,0.195976,0.387753,0.234164,0.367381,0.268861,0.362678,0.300599,0.377766,0.320361,0.396182,0.332139,0.405736,0.340477,0.401901,0.34787,0.386766,0.354458,0.40237,0.361034,0.42963,0.368771,0.449135,0.377836,0.448675,0.387982,0.439062,0.39843,0.433055,0.409407,0.425978,0.421695,0.416611,0.4348,0.42028,0.447866,0.43225,0.462388,0.447947,0.478239,0.456356,0.495432,0.457158,0.513451,0.454973,0.531486,0.45302,0.549605,0.445185,0.567965,0.432462,0.588205,0.433232,0.609003,0.457058,0.627228,0.479285,0.644662,0.500594,0.662539,0.525949,0.675766,0.526989,0.689367,0.515532,0.707877,0.519031,0.725569,0.531796,0.736296,0.510597,0.749138,0.486951,0.768504,0.478775,0.784156,0.463807,0.801121,0.446357,0.821624,0.437829,0.838647,0.446158,0.827785,0.424844,0.807966,0.456268,0.737496,0.416305,0.729369,0.469481,0.800507,0.865122,0.596919,0.74713,0.217646,0.0832204,0.25003,0.115548,88.21,1,0.0135,3.22126,1e-09,0,27.7,0.2,0.6,1,4
4,0,1000,1,11.0285,0.150626,0.946459,0.0981594,1.36409,0.0849357,0.952834,0.119308,0.698188,0.147383,0.579775,0.167963,0.487641,0.196448,0.38511,0.234574,0.36555,0.269188,0.361445,0.300847,0.376945,0.320549,0.39569,0.332286,0.405559,0.340591,0.402035,0.347951,0.387225,0.354504,0.403188,0.36105,0.430877,0.368758,0.450848,0.377798,0.450804,0.387922,0.441551,0.398352,0.435899,0.409316,0.429137,0.421595,0.420017,0.434692,0.424,0.447753,0.436327,0.462272,0.452389,0.478119,0.461056,0.495307,0.461986,0.51332,0.459849,0.531349,0.457902,0.549461,0.44998,0.567813,0.437089,0.588043,0.437814,0.608831,0.461817,0.627048,0.484189,0.644474,0.505634,0.662343,0.531191,0.675563,0.532231,0.689157,0.5207,0.707656,0.524322,0.725337,0.537344,0.736055,0.516088,0.748885,0.492376,0.768234,0.484318,0.783871,0.469379,0.800819,0.451911,0.821301,0.443466,0.838298,0.452118,0.827412,0.430791,0.807549,0.463091,0.737027,0.423096,0.728713,0.478156,0.799286,0.884022,0.595454,0.765233,0.217037,0.0850205,0.249003,0.115122,,,,3.23986,1e-09,,,,,,
4,0,1000,0.75,11.0141,0.150692,0.945577,0.0981988,1.36282,0.0849665,0.952046,0.119348,0.697674,0.147425,0.579402,0.168003,0.487383,0.196486,0.384959,0.234609,0.365448,0.269218,0.361382,0.300872,0.376911,0.320569,0.395685,0.332301,0.405582,0.340602,0.402085,0.347959,0.387301,0.35451,0.403296,0.361053,0.431023,0.368759,0.451033,0.377797,0.45102,0.38792,0.441794,0.398349,0.436168,0.409312,0.429429,0.421591,0.420327,0.434687,0.424336,0.447748,0.436695,0.462267,0.452792,0.478114,0.461484,0.495302,0.46243,0.513314,0.460303,0.531343,0.458364,0.549455,0.450441,0.567807,0.437542,0.588035,0.438272,0.608823,0.462304,0.62704,0.484703,0.644465,0.506175,0.662333,0.531764,0.675552,0.532807,0.689146,0.521268,0.707644,0.5249,0.725324,0.537944,0.736041,0.516669,0.74887,0.492936,0.768218,0.484876,0.783854,0.469926,0.800801,0.452443,0.821282,0.443992,0.838277,0.452661,0.82739,0.431314,0.807524,0.463669,0.737,0.423639,0.728679,0.478808,0.799228,0.885368,0.59539,0.766448,0.217012,0.0851359,0.248961,0.114854,88.21,1,0.0135,3.24129,1e-09,0,27.7,0.2,0.6,1,4
